id,pokedex_number,pokemon_name,generation,status_cleaned,type_number,type_1,type_2,height_m,weight_kg,total_points,hp,attack,defense,sp_attack,sp_defense,speed,catch_rate,base_experience,growth_rate,percentage_male
0,1,Bulbasaur,1,normal,2,Grass,Poison,0.7,6.9,318,45,49,49,65,65,45,45,64,Medium Slow,87.5
1,2,Ivysaur,1,normal,2,Grass,Poison,1,13,405,60,62,63,80,80,60,45,142,Medium Slow,87.5
2,3,Venusaur,1,normal,2,Grass,Poison,2,100,525,80,82,83,100,100,80,45,236,Medium Slow,87.5
3,3,Mega Venusaur,1,normal,2,Grass,Poison,2.4,155.5,625,80,100,123,122,120,80,45,281,Medium Slow,87.5
4,4,Charmander,1,normal,1,Fire,None,0.6,8.5,309,39,52,43,60,50,65,45,62,Medium Slow,87.5
5,5,Charmeleon,1,normal,1,Fire,None,1.1,19,405,58,64,58,80,65,80,45,142,Medium Slow,87.5
6,6,Charizard,1,normal,2,Fire,Flying,1.7,90.5,534,78,84,78,109,85,100,45,240,Medium Slow,87.5
7,6,Mega Charizard X,1,normal,2,Fire,Dragon,1.7,110.5,634,78,130,111,130,85,100,45,285,Medium Slow,87.5
8,6,Mega Charizard Y,1,normal,2,Fire,Flying,1.7,100.5,634,78,104,78,159,115,100,45,285,Medium Slow,87.5
9,7,Squirtle,1,normal,1,Water,None,0.5,9,314,44,48,65,50,64,43,45,63,Medium Slow,87.5
10,8,Wartortle,1,normal,1,Water,None,1,22.5,405,59,63,80,65,80,58,45,142,Medium Slow,87.5
11,9,Blastoise,1,normal,1,Water,None,1.6,85.5,530,79,83,100,85,105,78,45,239,Medium Slow,87.5
12,9,Mega Blastoise,1,normal,1,Water,None,1.6,101.1,630,79,103,120,135,115,78,45,284,Medium Slow,87.5
13,10,Caterpie,1,normal,1,Bug,None,0.3,2.9,195,45,30,35,20,20,45,255,39,Medium Fast,50
14,11,Metapod,1,normal,1,Bug,None,0.7,9.9,205,50,20,55,25,25,30,120,72,Medium Fast,50
15,12,Butterfree,1,normal,2,Bug,Flying,1.1,32,395,60,45,50,90,80,70,45,178,Medium Fast,50
16,13,Weedle,1,normal,2,Bug,Poison,0.3,3.2,195,40,35,30,20,20,50,255,39,Medium Fast,50
17,14,Kakuna,1,normal,2,Bug,Poison,0.6,10,205,45,25,50,25,25,35,120,72,Medium Fast,50
18,15,Beedrill,1,normal,2,Bug,Poison,1,29.5,395,65,90,40,45,80,75,45,178,Medium Fast,50
19,15,Mega Beedrill,1,normal,2,Bug,Poison,1.4,40.5,495,65,150,40,15,80,145,45,223,Medium Fast,50
20,16,Pidgey,1,normal,2,Normal,Flying,0.3,1.8,251,40,45,40,35,35,56,255,50,Medium Slow,50
21,17,Pidgeotto,1,normal,2,Normal,Flying,1.1,30,349,63,60,55,50,50,71,120,122,Medium Slow,50
22,18,Pidgeot,1,normal,2,Normal,Flying,1.5,39.5,479,83,80,75,70,70,101,45,216,Medium Slow,50
23,18,Mega Pidgeot,1,normal,2,Normal,Flying,2.2,50.5,579,83,80,80,135,80,121,45,261,Medium Slow,50
24,19,Rattata,1,normal,1,Normal,None,0.3,3.5,253,30,56,35,25,35,72,255,51,Medium Fast,50
25,19,Alolan Rattata,1,normal,2,Dark,Normal,0.3,3.8,253,30,56,35,25,35,72,255,51,Medium Fast,50
26,20,Raticate,1,normal,1,Normal,None,0.7,18.5,413,55,81,60,50,70,97,127,145,Medium Fast,50
27,20,Alolan Raticate,1,normal,2,Dark,Normal,0.7,25.5,413,75,71,70,40,80,77,127,145,Medium Fast,50
28,21,Spearow,1,normal,2,Normal,Flying,0.3,2,262,40,60,30,31,31,70,255,52,Medium Fast,50
29,22,Fearow,1,normal,2,Normal,Flying,1.2,38,442,65,90,65,61,61,100,90,155,Medium Fast,50
30,23,Ekans,1,normal,1,Poison,None,2,6.9,288,35,60,44,40,54,55,255,58,Medium Fast,50
31,24,Arbok,1,normal,1,Poison,None,3.5,65,448,60,95,69,65,79,80,90,157,Medium Fast,50
32,25,Pikachu,1,normal,1,Electric,None,0.4,6,320,35,55,40,50,50,90,190,112,Medium Fast,50
33,25,Partner Pikachu,1,normal,1,Electric,None,0.4,6,430,45,80,50,75,60,120,190,112,Medium Fast,50
34,26,Raichu,1,normal,1,Electric,None,0.8,30,485,60,90,55,90,80,110,75,218,Medium Fast,50
35,26,Alolan Raichu,1,normal,2,Electric,Psychic,0.7,21,485,60,85,50,95,85,110,75,218,Medium Fast,50
36,27,Sandshrew,1,normal,1,Ground,None,0.6,12,300,50,75,85,20,30,40,255,60,Medium Fast,50
37,27,Alolan Sandshrew,1,normal,2,Ice,Steel,0.7,40,300,50,75,90,10,35,40,255,60,Medium Fast,50
38,28,Sandslash,1,normal,1,Ground,None,1,29.5,450,75,100,110,45,55,65,90,158,Medium Fast,50
39,28,Alolan Sandslash,1,normal,2,Ice,Steel,1.2,55,450,75,100,120,25,65,65,90,158,Medium Fast,50
40,29,Nidoran♀,1,normal,1,Poison,None,0.4,7,275,55,47,52,40,40,41,235,55,Medium Slow,0
41,30,Nidorina,1,normal,1,Poison,None,0.8,20,365,70,62,67,55,55,56,120,128,Medium Slow,0
42,31,Nidoqueen,1,normal,2,Poison,Ground,1.3,60,505,90,92,87,75,85,76,45,227,Medium Slow,0
43,32,Nidoran♂,1,normal,1,Poison,None,0.5,9,273,46,57,40,40,40,50,235,55,Medium Slow,100
44,33,Nidorino,1,normal,1,Poison,None,0.9,19.5,365,61,72,57,55,55,65,120,128,Medium Slow,100
45,34,Nidoking,1,normal,2,Poison,Ground,1.4,62,505,81,102,77,85,75,85,45,227,Medium Slow,100
46,35,Clefairy,1,normal,1,Fairy,None,0.6,7.5,323,70,45,48,60,65,35,150,113,Fast,25
47,36,Clefable,1,normal,1,Fairy,None,1.3,40,483,95,70,73,95,90,60,25,217,Fast,25
48,37,Vulpix,1,normal,1,Fire,None,0.6,9.9,299,38,41,40,50,65,65,190,60,Medium Fast,25
49,37,Alolan Vulpix,1,normal,1,Ice,None,0.6,9.9,299,38,41,40,50,65,65,190,60,Medium Fast,25
50,38,Ninetales,1,normal,1,Fire,None,1.1,19.9,505,73,76,75,81,100,100,75,177,Medium Fast,25
51,38,Alolan Ninetales,1,normal,2,Ice,Fairy,1.1,19.9,505,73,67,75,81,100,109,75,177,Medium Fast,25
52,39,Jigglypuff,1,normal,2,Normal,Fairy,0.5,5.5,270,115,45,20,45,25,20,170,95,Fast,25
53,40,Wigglytuff,1,normal,2,Normal,Fairy,1,12,435,140,70,45,85,50,45,50,196,Fast,25
54,41,Zubat,1,normal,2,Poison,Flying,0.8,7.5,245,40,45,35,30,40,55,255,49,Medium Fast,50
55,42,Golbat,1,normal,2,Poison,Flying,1.6,55,455,75,80,70,65,75,90,90,159,Medium Fast,50
56,43,Oddish,1,normal,2,Grass,Poison,0.5,5.4,320,45,50,55,75,65,30,255,64,Medium Slow,50
57,44,Gloom,1,normal,2,Grass,Poison,0.8,8.6,395,60,65,70,85,75,40,120,138,Medium Slow,50
58,45,Vileplume,1,normal,2,Grass,Poison,1.2,18.6,490,75,80,85,110,90,50,45,221,Medium Slow,50
59,46,Paras,1,normal,2,Bug,Grass,0.3,5.4,285,35,70,55,45,55,25,190,57,Medium Fast,50
60,47,Parasect,1,normal,2,Bug,Grass,1,29.5,405,60,95,80,60,80,30,75,142,Medium Fast,50
61,48,Venonat,1,normal,2,Bug,Poison,1,30,305,60,55,50,40,55,45,190,61,Medium Fast,50
62,49,Venomoth,1,normal,2,Bug,Poison,1.5,12.5,450,70,65,60,90,75,90,75,158,Medium Fast,50
63,50,Diglett,1,normal,1,Ground,None,0.2,0.8,265,10,55,25,35,45,95,255,53,Medium Fast,50
64,50,Alolan Diglett,1,normal,2,Ground,Steel,0.2,1,265,10,55,30,35,45,90,255,53,Medium Fast,50
65,51,Dugtrio,1,normal,1,Ground,None,0.7,33.3,425,35,100,50,50,70,120,50,149,Medium Fast,50
66,51,Alolan Dugtrio,1,normal,2,Ground,Steel,0.7,66.6,425,35,100,60,50,70,110,50,149,Medium Fast,50
67,52,Meowth,1,normal,1,Normal,None,0.4,4.2,290,40,45,35,40,40,90,255,58,Medium Fast,50
68,52,Alolan Meowth,1,normal,1,Dark,None,0.4,4.2,290,40,35,35,50,40,90,255,58,Medium Fast,50
69,52,Galarian Meowth,1,normal,1,Steel,None,0.4,7.5,290,50,65,55,40,40,40,255,58,Medium Fast,50
70,53,Persian,1,normal,1,Normal,None,1,32,440,65,70,60,65,65,115,90,154,Medium Fast,50
71,53,Alolan Persian,1,normal,1,Dark,None,1.1,33,440,65,60,60,75,65,115,90,154,Medium Fast,50
72,54,Psyduck,1,normal,1,Water,None,0.8,19.6,320,50,52,48,65,50,55,190,64,Medium Fast,50
73,55,Golduck,1,normal,1,Water,None,1.7,76.6,500,80,82,78,95,80,85,75,175,Medium Fast,50
74,56,Mankey,1,normal,1,Fighting,None,0.5,28,305,40,80,35,35,45,70,190,61,Medium Fast,50
75,57,Primeape,1,normal,1,Fighting,None,1,32,455,65,105,60,60,70,95,75,159,Medium Fast,50
76,58,Growlithe,1,normal,1,Fire,None,0.7,19,350,55,70,45,70,50,60,190,70,Slow,75
77,59,Arcanine,1,normal,1,Fire,None,1.9,155,555,90,110,80,100,80,95,75,194,Slow,75
78,60,Poliwag,1,normal,1,Water,None,0.6,12.4,300,40,50,40,40,40,90,255,60,Medium Slow,50
79,61,Poliwhirl,1,normal,1,Water,None,1,20,385,65,65,65,50,50,90,120,135,Medium Slow,50
80,62,Poliwrath,1,normal,2,Water,Fighting,1.3,54,510,90,95,95,70,90,70,45,230,Medium Slow,50
81,63,Abra,1,normal,1,Psychic,None,0.9,19.5,310,25,20,15,105,55,90,200,62,Medium Slow,75
82,64,Kadabra,1,normal,1,Psychic,None,1.3,56.5,400,40,35,30,120,70,105,100,140,Medium Slow,75
83,65,Alakazam,1,normal,1,Psychic,None,1.5,48,500,55,50,45,135,95,120,50,225,Medium Slow,75
84,65,Mega Alakazam,1,normal,1,Psychic,None,1.2,48,600,55,50,65,175,105,150,50,270,Medium Slow,75
85,66,Machop,1,normal,1,Fighting,None,0.8,19.5,305,70,80,50,35,35,35,180,61,Medium Slow,75
86,67,Machoke,1,normal,1,Fighting,None,1.5,70.5,405,80,100,70,50,60,45,90,142,Medium Slow,75
87,68,Machamp,1,normal,1,Fighting,None,1.6,130,505,90,130,80,65,85,55,45,227,Medium Slow,75
88,69,Bellsprout,1,normal,2,Grass,Poison,0.7,4,300,50,75,35,70,30,40,255,60,Medium Slow,50
89,70,Weepinbell,1,normal,2,Grass,Poison,1,6.4,390,65,90,50,85,45,55,120,137,Medium Slow,50
90,71,Victreebel,1,normal,2,Grass,Poison,1.7,15.5,490,80,105,65,100,70,70,45,221,Medium Slow,50
91,72,Tentacool,1,normal,2,Water,Poison,0.9,45.5,335,40,40,35,50,100,70,190,67,Slow,50
92,73,Tentacruel,1,normal,2,Water,Poison,1.6,55,515,80,70,65,80,120,100,60,180,Slow,50
93,74,Geodude,1,normal,2,Rock,Ground,0.4,20,300,40,80,100,30,30,20,255,60,Medium Slow,50
94,74,Alolan Geodude,1,normal,2,Rock,Electric,0.4,20.3,300,40,80,100,30,30,20,255,60,Medium Slow,50
95,75,Graveler,1,normal,2,Rock,Ground,1,105,390,55,95,115,45,45,35,120,137,Medium Slow,50
96,75,Alolan Graveler,1,normal,2,Rock,Electric,1,110,390,55,95,115,45,45,35,120,137,Medium Slow,50
97,76,Golem,1,normal,2,Rock,Ground,1.4,300,495,80,120,130,55,65,45,45,223,Medium Slow,50
98,76,Alolan Golem,1,normal,2,Rock,Electric,1.7,316,495,80,120,130,55,65,45,45,223,Medium Slow,50
99,77,Ponyta,1,normal,1,Fire,None,1,30,410,50,85,55,65,65,90,190,82,Medium Fast,50
100,77,Galarian Ponyta,1,normal,1,Psychic,None,0.8,24,410,50,85,55,65,65,90,190,82,Medium Fast,50
101,78,Rapidash,1,normal,1,Fire,None,1.7,95,500,65,100,70,80,80,105,60,175,Medium Fast,50
102,78,Galarian Rapidash,1,normal,2,Psychic,Fairy,1.7,80,500,65,100,70,80,80,105,60,175,Medium Fast,50
103,79,Slowpoke,1,normal,2,Water,Psychic,1.2,36,315,90,65,65,40,40,15,190,63,Medium Fast,50
104,80,Slowbro,1,normal,2,Water,Psychic,1.6,78.5,490,95,75,110,100,80,30,75,172,Medium Fast,50
105,80,Mega Slowbro,1,normal,2,Water,Psychic,2,120,590,95,75,180,130,80,30,75,207,Medium Fast,50
106,81,Magnemite,1,normal,2,Electric,Steel,0.3,6,325,25,35,70,95,55,45,190,65,Medium Fast,0
107,82,Magneton,1,normal,2,Electric,Steel,1,60,465,50,60,95,120,70,70,60,163,Medium Fast,0
108,83,Farfetch'd,1,normal,2,Normal,Flying,0.8,15,377,52,90,55,58,62,60,45,132,Medium Fast,50
109,83,Galarian Farfetch'd,1,normal,1,Fighting,None,0.8,42,377,52,95,55,58,62,55,30,115,Medium Fast,50
110,84,Doduo,1,normal,2,Normal,Flying,1.4,39.2,310,35,85,45,35,35,75,190,62,Medium Fast,50
111,85,Dodrio,1,normal,2,Normal,Flying,1.8,85.2,470,60,110,70,60,60,110,45,165,Medium Fast,50
112,86,Seel,1,normal,1,Water,None,1.1,90,325,65,45,55,45,70,45,190,65,Medium Fast,50
113,87,Dewgong,1,normal,2,Water,Ice,1.7,120,475,90,70,80,70,95,70,75,166,Medium Fast,50
114,88,Grimer,1,normal,1,Poison,None,0.9,30,325,80,80,50,40,50,25,190,65,Medium Fast,50
115,88,Alolan Grimer,1,normal,2,Poison,Dark,0.7,42,325,80,80,50,40,50,25,190,65,Medium Fast,50
116,89,Muk,1,normal,1,Poison,None,1.2,30,500,105,105,75,65,100,50,75,175,Medium Fast,50
117,89,Alolan Muk,1,normal,2,Poison,Dark,1,52,500,105,105,75,65,100,50,75,175,Medium Fast,50
118,90,Shellder,1,normal,1,Water,None,0.3,4,305,30,65,100,45,25,40,190,61,Slow,50
119,91,Cloyster,1,normal,2,Water,Ice,1.5,132.5,525,50,95,180,85,45,70,60,184,Slow,50
120,92,Gastly,1,normal,2,Ghost,Poison,1.3,0.1,310,30,35,30,100,35,80,190,62,Medium Slow,50
121,93,Haunter,1,normal,2,Ghost,Poison,1.6,0.1,405,45,50,45,115,55,95,90,142,Medium Slow,50
122,94,Gengar,1,normal,2,Ghost,Poison,1.5,40.5,500,60,65,60,130,75,110,45,225,Medium Slow,50
123,94,Mega Gengar,1,normal,2,Ghost,Poison,1.4,40.5,600,60,65,80,170,95,130,45,270,Medium Slow,50
124,95,Onix,1,normal,2,Rock,Ground,8.8,210,385,35,45,160,30,45,70,45,77,Medium Fast,50
125,96,Drowzee,1,normal,1,Psychic,None,1,32.4,328,60,48,45,43,90,42,190,66,Medium Fast,50
126,97,Hypno,1,normal,1,Psychic,None,1.6,75.6,483,85,73,70,73,115,67,75,169,Medium Fast,50
127,98,Krabby,1,normal,1,Water,None,0.4,6.5,325,30,105,90,25,25,50,225,65,Medium Fast,50
128,99,Kingler,1,normal,1,Water,None,1.3,60,475,55,130,115,50,50,75,60,166,Medium Fast,50
129,100,Voltorb,1,normal,1,Electric,None,0.5,10.4,330,40,30,50,55,55,100,190,66,Medium Fast,0
130,101,Electrode,1,normal,1,Electric,None,1.2,66.6,490,60,50,70,80,80,150,60,172,Medium Fast,0
131,102,Exeggcute,1,normal,2,Grass,Psychic,0.4,2.5,325,60,40,80,60,45,40,90,65,Slow,50
132,103,Exeggutor,1,normal,2,Grass,Psychic,2,120,530,95,95,85,125,75,55,45,186,Slow,50
133,103,Alolan Exeggutor,1,normal,2,Grass,Dragon,10.9,415.6,530,95,105,85,125,75,45,45,186,Slow,50
134,104,Cubone,1,normal,1,Ground,None,0.4,6.5,320,50,50,95,40,50,35,190,64,Medium Fast,50
135,105,Marowak,1,normal,1,Ground,None,1,45,425,60,80,110,50,80,45,75,149,Medium Fast,50
136,105,Alolan Marowak,1,normal,2,Fire,Ghost,1,34,425,60,80,110,50,80,45,75,149,Medium Fast,50
137,106,Hitmonlee,1,normal,1,Fighting,None,1.5,49.8,455,50,120,53,35,110,87,45,159,Medium Fast,100
138,107,Hitmonchan,1,normal,1,Fighting,None,1.4,50.2,455,50,105,79,35,110,76,45,159,Medium Fast,100
139,108,Lickitung,1,normal,1,Normal,None,1.2,65.5,385,90,55,75,60,75,30,45,77,Medium Fast,50
140,109,Koffing,1,normal,1,Poison,None,0.6,1,340,40,65,95,60,45,35,190,68,Medium Fast,50
141,110,Weezing,1,normal,1,Poison,None,1.2,9.5,490,65,90,120,85,70,60,60,172,Medium Fast,50
142,110,Galarian Weezing,1,normal,2,Poison,Fairy,3,16,490,65,90,120,85,70,60,60,163,Medium Fast,50
143,111,Rhyhorn,1,normal,2,Ground,Rock,1,115,345,80,85,95,30,30,25,120,69,Slow,50
144,112,Rhydon,1,normal,2,Ground,Rock,1.9,120,485,105,130,120,45,45,40,60,170,Slow,50
145,113,Chansey,1,normal,1,Normal,None,1.1,34.6,450,250,5,5,35,105,50,30,395,Fast,0
146,114,Tangela,1,normal,1,Grass,None,1,35,435,65,55,115,100,40,60,45,87,Medium Fast,50
147,115,Kangaskhan,1,normal,1,Normal,None,2.2,80,490,105,95,80,40,80,90,45,172,Medium Fast,0
148,115,Mega Kangaskhan,1,normal,1,Normal,None,2.2,100,590,105,125,100,60,100,100,45,207,Medium Fast,0
149,116,Horsea,1,normal,1,Water,None,0.4,8,295,30,40,70,70,25,60,225,59,Medium Fast,50
150,117,Seadra,1,normal,1,Water,None,1.2,25,440,55,65,95,95,45,85,75,154,Medium Fast,50
151,118,Goldeen,1,normal,1,Water,None,0.6,15,320,45,67,60,35,50,63,225,64,Medium Fast,50
152,119,Seaking,1,normal,1,Water,None,1.3,39,450,80,92,65,65,80,68,60,158,Medium Fast,50
153,120,Staryu,1,normal,1,Water,None,0.8,34.5,340,30,45,55,70,55,85,225,68,Slow,0
154,121,Starmie,1,normal,2,Water,Psychic,1.1,80,520,60,75,85,100,85,115,60,182,Slow,0
155,122,Mr. Mime,1,normal,2,Psychic,Fairy,1.3,54.5,460,40,45,65,100,120,90,45,161,Medium Fast,50
156,122,Galarian Mr. Mime,1,normal,2,Psychic,Ice,1.4,56.8,460,50,65,65,90,90,100,30,115,Medium Fast,50
157,123,Scyther,1,normal,2,Bug,Flying,1.5,56,500,70,110,80,55,80,105,45,100,Medium Fast,50
158,124,Jynx,1,normal,2,Ice,Psychic,1.4,40.6,455,65,50,35,115,95,95,45,159,Medium Fast,0
159,125,Electabuzz,1,normal,1,Electric,None,1.1,30,490,65,83,57,95,85,105,45,172,Medium Fast,75
160,126,Magmar,1,normal,1,Fire,None,1.3,44.5,495,65,95,57,100,85,93,45,173,Medium Fast,75
161,127,Pinsir,1,normal,1,Bug,None,1.5,55,500,65,125,100,55,70,85,45,175,Slow,50
162,127,Mega Pinsir,1,normal,2,Bug,Flying,1.7,59,600,65,155,120,65,90,105,45,210,Slow,50
163,128,Tauros,1,normal,1,Normal,None,1.4,88.4,490,75,100,95,40,70,110,45,172,Slow,100
164,129,Magikarp,1,normal,1,Water,None,0.9,10,200,20,10,55,15,20,80,255,40,Slow,50
165,130,Gyarados,1,normal,2,Water,Flying,6.5,235,540,95,125,79,60,100,81,45,189,Slow,50
166,130,Mega Gyarados,1,normal,2,Water,Dark,6.5,305,640,95,155,109,70,130,81,45,224,Slow,50
167,131,Lapras,1,normal,2,Water,Ice,2.5,220,535,130,85,80,85,95,60,45,187,Slow,50
168,132,Ditto,1,normal,1,Normal,None,0.3,4,288,48,48,48,48,48,48,35,101,Medium Fast,0
169,133,Eevee,1,normal,1,Normal,None,0.3,6.5,325,55,55,50,45,65,55,45,65,Medium Fast,87.5
170,133,Partner Eevee,1,normal,1,Normal,None,0.3,6.5,435,65,75,70,65,85,75,45,65,Medium Fast,87.5
171,134,Vaporeon,1,normal,1,Water,None,1,29,525,130,65,60,110,95,65,45,184,Medium Fast,87.5
172,135,Jolteon,1,normal,1,Electric,None,0.8,24.5,525,65,65,60,110,95,130,45,184,Medium Fast,87.5
173,136,Flareon,1,normal,1,Fire,None,0.9,25,525,65,130,60,95,110,65,45,184,Medium Fast,87.5
174,137,Porygon,1,normal,1,Normal,None,0.8,36.5,395,65,60,70,85,75,40,45,79,Medium Fast,0
175,138,Omanyte,1,normal,2,Rock,Water,0.4,7.5,355,35,40,100,90,55,35,45,71,Medium Fast,87.5
176,139,Omastar,1,normal,2,Rock,Water,1,35,495,70,60,125,115,70,55,45,173,Medium Fast,87.5
177,140,Kabuto,1,normal,2,Rock,Water,0.5,11.5,355,30,80,90,55,45,55,45,71,Medium Fast,87.5
178,141,Kabutops,1,normal,2,Rock,Water,1.3,40.5,495,60,115,105,65,70,80,45,173,Medium Fast,87.5
179,142,Aerodactyl,1,normal,2,Rock,Flying,1.8,59,515,80,105,65,60,75,130,45,180,Slow,87.5
180,142,Mega Aerodactyl,1,normal,2,Rock,Flying,2.1,79,615,80,135,85,70,95,150,45,215,Slow,87.5
181,143,Snorlax,1,normal,1,Normal,None,2.1,460,540,160,110,65,65,110,30,25,189,Slow,87.5
182,144,Articuno,1,sub_legendary,2,Ice,Flying,1.7,55.4,580,90,85,100,95,125,85,3,261,Slow,0
183,145,Zapdos,1,sub_legendary,2,Electric,Flying,1.6,52.6,580,90,90,85,125,90,100,3,261,Slow,0
184,146,Moltres,1,sub_legendary,2,Fire,Flying,2,60,580,90,100,90,125,85,90,3,261,Slow,0
185,147,Dratini,1,normal,1,Dragon,None,1.8,3.3,300,41,64,45,50,50,50,45,60,Slow,50
186,148,Dragonair,1,normal,1,Dragon,None,4,16.5,420,61,84,65,70,70,70,45,147,Slow,50
187,149,Dragonite,1,normal,2,Dragon,Flying,2.2,210,600,91,134,95,100,100,80,45,270,Slow,50
188,150,Mewtwo,1,legendary,1,Psychic,None,2,122,680,106,110,90,154,90,130,3,306,Slow,0
189,150,Mega Mewtwo X,1,legendary,2,Psychic,Fighting,2.3,127,780,106,190,100,154,100,130,3,351,Slow,0
190,150,Mega Mewtwo Y,1,legendary,1,Psychic,None,1.5,33,780,106,150,70,194,120,140,3,351,Slow,0
191,151,Mew,1,mythical,1,Psychic,None,0.4,4,600,100,100,100,100,100,100,45,270,Medium Slow,0
192,152,Chikorita,2,normal,1,Grass,None,0.9,6.4,318,45,49,65,49,65,45,45,64,Medium Slow,87.5
193,153,Bayleef,2,normal,1,Grass,None,1.2,15.8,405,60,62,80,63,80,60,45,142,Medium Slow,87.5
194,154,Meganium,2,normal,1,Grass,None,1.8,100.5,525,80,82,100,83,100,80,45,236,Medium Slow,87.5
195,155,Cyndaquil,2,normal,1,Fire,None,0.5,7.9,309,39,52,43,60,50,65,45,62,Medium Slow,87.5
196,156,Quilava,2,normal,1,Fire,None,0.9,19,405,58,64,58,80,65,80,45,142,Medium Slow,87.5
197,157,Typhlosion,2,normal,1,Fire,None,1.7,79.5,534,78,84,78,109,85,100,45,240,Medium Slow,87.5
198,158,Totodile,2,normal,1,Water,None,0.6,9.5,314,50,65,64,44,48,43,45,63,Medium Slow,87.5
199,159,Croconaw,2,normal,1,Water,None,1.1,25,405,65,80,80,59,63,58,45,142,Medium Slow,87.5
200,160,Feraligatr,2,normal,1,Water,None,2.3,88.8,530,85,105,100,79,83,78,45,239,Medium Slow,87.5
201,161,Sentret,2,normal,1,Normal,None,0.8,6,215,35,46,34,35,45,20,255,43,Medium Fast,50
202,162,Furret,2,normal,1,Normal,None,1.8,32.5,415,85,76,64,45,55,90,90,145,Medium Fast,50
203,163,Hoothoot,2,normal,2,Normal,Flying,0.7,21.2,262,60,30,30,36,56,50,255,52,Medium Fast,50
204,164,Noctowl,2,normal,2,Normal,Flying,1.6,40.8,452,100,50,50,86,96,70,90,158,Medium Fast,50
205,165,Ledyba,2,normal,2,Bug,Flying,1,10.8,265,40,20,30,40,80,55,255,53,Fast,50
206,166,Ledian,2,normal,2,Bug,Flying,1.4,35.6,390,55,35,50,55,110,85,90,137,Fast,50
207,167,Spinarak,2,normal,2,Bug,Poison,0.5,8.5,250,40,60,40,40,40,30,255,50,Fast,50
208,168,Ariados,2,normal,2,Bug,Poison,1.1,33.5,400,70,90,70,60,70,40,90,140,Fast,50
209,169,Crobat,2,normal,2,Poison,Flying,1.8,75,535,85,90,80,70,80,130,90,241,Medium Fast,50
210,170,Chinchou,2,normal,2,Water,Electric,0.5,12,330,75,38,38,56,56,67,190,66,Slow,50
211,171,Lanturn,2,normal,2,Water,Electric,1.2,22.5,460,125,58,58,76,76,67,75,161,Slow,50
212,172,Pichu,2,normal,1,Electric,None,0.3,2,205,20,40,15,35,35,60,190,41,Medium Fast,50
213,173,Cleffa,2,normal,1,Fairy,None,0.3,3,218,50,25,28,45,55,15,150,44,Fast,25
214,174,Igglybuff,2,normal,2,Normal,Fairy,0.3,1,210,90,30,15,40,20,15,170,42,Fast,25
215,175,Togepi,2,normal,1,Fairy,None,0.3,1.5,245,35,20,65,40,65,20,190,49,Fast,87.5
216,176,Togetic,2,normal,2,Fairy,Flying,0.6,3.2,405,55,40,85,80,105,40,75,142,Fast,87.5
217,177,Natu,2,normal,2,Psychic,Flying,0.2,2,320,40,50,45,70,45,70,190,64,Medium Fast,50
218,178,Xatu,2,normal,2,Psychic,Flying,1.5,15,470,65,75,70,95,70,95,75,165,Medium Fast,50
219,179,Mareep,2,normal,1,Electric,None,0.6,7.8,280,55,40,40,65,45,35,235,56,Medium Slow,50
220,180,Flaaffy,2,normal,1,Electric,None,0.8,13.3,365,70,55,55,80,60,45,120,128,Medium Slow,50
221,181,Ampharos,2,normal,1,Electric,None,1.4,61.5,510,90,75,85,115,90,55,45,230,Medium Slow,50
222,181,Mega Ampharos,2,normal,2,Electric,Dragon,1.4,61.5,610,90,95,105,165,110,45,45,275,Medium Slow,50
223,182,Bellossom,2,normal,1,Grass,None,0.4,5.8,490,75,80,95,90,100,50,45,221,Medium Slow,50
224,183,Marill,2,normal,2,Water,Fairy,0.4,8.5,250,70,20,50,20,50,40,190,88,Fast,50
225,184,Azumarill,2,normal,2,Water,Fairy,0.8,28.5,420,100,50,80,60,80,50,75,189,Fast,50
226,185,Sudowoodo,2,normal,1,Rock,None,1.2,38,410,70,100,115,30,65,30,65,144,Medium Fast,50
227,186,Politoed,2,normal,1,Water,None,1.1,33.9,500,90,75,75,90,100,70,45,225,Medium Slow,50
228,187,Hoppip,2,normal,2,Grass,Flying,0.4,0.5,250,35,35,40,35,55,50,255,50,Medium Slow,50
229,188,Skiploom,2,normal,2,Grass,Flying,0.6,1,340,55,45,50,45,65,80,120,119,Medium Slow,50
230,189,Jumpluff,2,normal,2,Grass,Flying,0.8,3,460,75,55,70,55,95,110,45,207,Medium Slow,50
231,190,Aipom,2,normal,1,Normal,None,0.8,11.5,360,55,70,55,40,55,85,45,72,Fast,50
232,191,Sunkern,2,normal,1,Grass,None,0.3,1.8,180,30,30,30,30,30,30,235,36,Medium Slow,50
233,192,Sunflora,2,normal,1,Grass,None,0.8,8.5,425,75,75,55,105,85,30,120,149,Medium Slow,50
234,193,Yanma,2,normal,2,Bug,Flying,1.2,38,390,65,65,45,75,45,95,75,78,Medium Fast,50
235,194,Wooper,2,normal,2,Water,Ground,0.4,8.5,210,55,45,45,25,25,15,255,42,Medium Fast,50
236,195,Quagsire,2,normal,2,Water,Ground,1.4,75,430,95,85,85,65,65,35,90,151,Medium Fast,50
237,196,Espeon,2,normal,1,Psychic,None,0.9,26.5,525,65,65,60,130,95,110,45,184,Medium Fast,87.5
238,197,Umbreon,2,normal,1,Dark,None,1,27,525,95,65,110,60,130,65,45,184,Medium Fast,87.5
239,198,Murkrow,2,normal,2,Dark,Flying,0.5,2.1,405,60,85,42,85,42,91,30,81,Medium Slow,50
240,199,Slowking,2,normal,2,Water,Psychic,2,79.5,490,95,75,80,100,110,30,70,172,Medium Fast,50
241,200,Misdreavus,2,normal,1,Ghost,None,0.7,1,435,60,60,60,85,85,85,45,87,Fast,50
242,201,Unown,2,normal,1,Psychic,None,0.5,5,336,48,72,48,72,48,48,225,118,Medium Fast,0
243,202,Wobbuffet,2,normal,1,Psychic,None,1.3,28.5,405,190,33,58,33,58,33,45,142,Medium Fast,50
244,203,Girafarig,2,normal,2,Normal,Psychic,1.5,41.5,455,70,80,65,90,65,85,60,159,Medium Fast,50
245,204,Pineco,2,normal,1,Bug,None,0.6,7.2,290,50,65,90,35,35,15,190,58,Medium Fast,50
246,205,Forretress,2,normal,2,Bug,Steel,1.2,125.8,465,75,90,140,60,60,40,75,163,Medium Fast,50
247,206,Dunsparce,2,normal,1,Normal,None,1.5,14,415,100,70,70,65,65,45,190,145,Medium Fast,50
248,207,Gligar,2,normal,2,Ground,Flying,1.1,64.8,430,65,75,105,35,65,85,60,86,Medium Slow,50
249,208,Steelix,2,normal,2,Steel,Ground,9.2,400,510,75,85,200,55,65,30,25,179,Medium Fast,50
250,208,Mega Steelix,2,normal,2,Steel,Ground,10.5,740,610,75,125,230,55,95,30,25,214,Medium Fast,50
251,209,Snubbull,2,normal,1,Fairy,None,0.6,7.8,300,60,80,50,40,40,30,190,60,Fast,25
252,210,Granbull,2,normal,1,Fairy,None,1.4,48.7,450,90,120,75,60,60,45,75,158,Fast,25
253,211,Qwilfish,2,normal,2,Water,Poison,0.5,3.9,440,65,95,85,55,55,85,45,88,Medium Fast,50
254,212,Scizor,2,normal,2,Bug,Steel,1.8,118,500,70,130,100,55,80,65,25,175,Medium Fast,50
255,212,Mega Scizor,2,normal,2,Bug,Steel,2,125,600,70,150,140,65,100,75,25,210,Medium Fast,50
256,213,Shuckle,2,normal,2,Bug,Rock,0.6,20.5,505,20,10,230,10,230,5,190,177,Medium Slow,50
257,214,Heracross,2,normal,2,Bug,Fighting,1.5,54,500,80,125,75,40,95,85,45,175,Slow,50
258,214,Mega Heracross,2,normal,2,Bug,Fighting,1.7,62.5,600,80,185,115,40,105,75,45,210,Slow,50
259,215,Sneasel,2,normal,2,Dark,Ice,0.9,28,430,55,95,55,35,75,115,60,86,Medium Slow,50
260,216,Teddiursa,2,normal,1,Normal,None,0.6,8.8,330,60,80,50,50,50,40,120,66,Medium Fast,50
261,217,Ursaring,2,normal,1,Normal,None,1.8,125.8,500,90,130,75,75,75,55,60,175,Medium Fast,50
262,218,Slugma,2,normal,1,Fire,None,0.7,35,250,40,40,40,70,40,20,190,50,Medium Fast,50
263,219,Magcargo,2,normal,2,Fire,Rock,0.8,55,430,60,50,120,90,80,30,75,151,Medium Fast,50
264,220,Swinub,2,normal,2,Ice,Ground,0.4,6.5,250,50,50,40,30,30,50,225,50,Slow,50
265,221,Piloswine,2,normal,2,Ice,Ground,1.1,55.8,450,100,100,80,60,60,50,75,158,Slow,50
266,222,Corsola,2,normal,2,Water,Rock,0.6,5,410,65,55,95,65,95,35,60,144,Fast,25
267,222,Galarian Corsola,2,normal,1,Ghost,None,0.6,0.5,410,60,55,100,65,100,30,60,142,Fast,50
268,223,Remoraid,2,normal,1,Water,None,0.6,12,300,35,65,35,65,35,65,190,60,Medium Fast,50
269,224,Octillery,2,normal,1,Water,None,0.9,28.5,480,75,105,75,105,75,45,75,168,Medium Fast,50
270,225,Delibird,2,normal,2,Ice,Flying,0.9,16,330,45,55,45,65,45,75,45,116,Fast,50
271,226,Mantine,2,normal,2,Water,Flying,2.1,220,485,85,40,70,80,140,70,25,170,Slow,50
272,227,Skarmory,2,normal,2,Steel,Flying,1.7,50.5,465,65,80,140,40,70,70,25,163,Slow,50
273,228,Houndour,2,normal,2,Dark,Fire,0.6,10.8,330,45,60,30,80,50,65,120,66,Slow,50
274,229,Houndoom,2,normal,2,Dark,Fire,1.4,35,500,75,90,50,110,80,95,45,175,Slow,50
275,229,Mega Houndoom,2,normal,2,Dark,Fire,1.9,49.5,600,75,90,90,140,90,115,45,210,Slow,50
276,230,Kingdra,2,normal,2,Water,Dragon,1.8,152,540,75,95,95,95,95,85,45,243,Medium Fast,50
277,231,Phanpy,2,normal,1,Ground,None,0.5,33.5,330,90,60,60,40,40,40,120,66,Medium Fast,50
278,232,Donphan,2,normal,1,Ground,None,1.1,120,500,90,120,120,60,60,50,60,175,Medium Fast,50
279,233,Porygon2,2,normal,1,Normal,None,0.6,32.5,515,85,80,90,105,95,60,45,180,Medium Fast,0
280,234,Stantler,2,normal,1,Normal,None,1.4,71.2,465,73,95,62,85,65,85,45,163,Slow,50
281,235,Smeargle,2,normal,1,Normal,None,1.2,58,250,55,20,35,20,45,75,45,88,Fast,50
282,236,Tyrogue,2,normal,1,Fighting,None,0.7,21,210,35,35,35,35,35,35,75,42,Medium Fast,100
283,237,Hitmontop,2,normal,1,Fighting,None,1.4,48,455,50,95,95,35,110,70,45,159,Medium Fast,100
284,238,Smoochum,2,normal,2,Ice,Psychic,0.4,6,305,45,30,15,85,65,65,45,61,Medium Fast,0
285,239,Elekid,2,normal,1,Electric,None,0.6,23.5,360,45,63,37,65,55,95,45,72,Medium Fast,75
286,240,Magby,2,normal,1,Fire,None,0.7,21.4,365,45,75,37,70,55,83,45,73,Medium Fast,75
287,241,Miltank,2,normal,1,Normal,None,1.2,75.5,490,95,80,105,40,70,100,45,172,Slow,0
288,242,Blissey,2,normal,1,Normal,None,1.5,46.8,540,255,10,10,75,135,55,30,608,Fast,0
289,243,Raikou,2,sub_legendary,1,Electric,None,1.9,178,580,90,85,75,115,100,115,3,261,Slow,0
290,244,Entei,2,sub_legendary,1,Fire,None,2.1,198,580,115,115,85,90,75,100,3,261,Slow,0
291,245,Suicune,2,sub_legendary,1,Water,None,2,187,580,100,75,115,90,115,85,3,261,Slow,0
292,246,Larvitar,2,normal,2,Rock,Ground,0.6,72,300,50,64,50,45,50,41,45,60,Slow,50
293,247,Pupitar,2,normal,2,Rock,Ground,1.2,152,410,70,84,70,65,70,51,45,144,Slow,50
294,248,Tyranitar,2,normal,2,Rock,Dark,2,202,600,100,134,110,95,100,61,45,270,Slow,50
295,248,Mega Tyranitar,2,normal,2,Rock,Dark,2.5,255,700,100,164,150,95,120,71,45,315,Slow,50
296,249,Lugia,2,legendary,2,Psychic,Flying,5.2,216,680,106,90,130,90,154,110,3,306,Slow,0
297,250,Ho-oh,2,legendary,2,Fire,Flying,3.8,199,680,106,130,90,110,154,90,3,306,Slow,0
298,251,Celebi,2,mythical,2,Psychic,Grass,0.6,5,600,100,100,100,100,100,100,45,270,Medium Slow,0
299,252,Treecko,3,normal,1,Grass,None,0.5,5,310,40,45,35,65,55,70,45,62,Medium Slow,87.5
300,253,Grovyle,3,normal,1,Grass,None,0.9,21.6,405,50,65,45,85,65,95,45,142,Medium Slow,87.5
301,254,Sceptile,3,normal,1,Grass,None,1.7,52.2,530,70,85,65,105,85,120,45,239,Medium Slow,87.5
302,254,Mega Sceptile,3,normal,2,Grass,Dragon,1.9,55.2,630,70,110,75,145,85,145,45,284,Medium Slow,87.5
303,255,Torchic,3,normal,1,Fire,None,0.4,2.5,310,45,60,40,70,50,45,45,62,Medium Slow,87.5
304,256,Combusken,3,normal,2,Fire,Fighting,0.9,19.5,405,60,85,60,85,60,55,45,142,Medium Slow,87.5
305,257,Blaziken,3,normal,2,Fire,Fighting,1.9,52,530,80,120,70,110,70,80,45,239,Medium Slow,87.5
306,257,Mega Blaziken,3,normal,2,Fire,Fighting,1.9,52,630,80,160,80,130,80,100,45,284,Medium Slow,87.5
307,258,Mudkip,3,normal,1,Water,None,0.4,7.6,310,50,70,50,50,50,40,45,62,Medium Slow,87.5
308,259,Marshtomp,3,normal,2,Water,Ground,0.7,28,405,70,85,70,60,70,50,45,142,Medium Slow,87.5
309,260,Swampert,3,normal,2,Water,Ground,1.5,81.9,535,100,110,90,85,90,60,45,241,Medium Slow,87.5
310,260,Mega Swampert,3,normal,2,Water,Ground,1.9,102,635,100,150,110,95,110,70,45,286,Medium Slow,87.5
311,261,Poochyena,3,normal,1,Dark,None,0.5,13.6,220,35,55,35,30,30,35,255,56,Medium Fast,50
312,262,Mightyena,3,normal,1,Dark,None,1,37,420,70,90,70,60,60,70,127,147,Medium Fast,50
313,263,Zigzagoon,3,normal,1,Normal,None,0.4,17.5,240,38,30,41,30,41,60,255,56,Medium Fast,50
314,263,Galarian Zigzagoon,3,normal,2,Dark,Normal,0.4,17.5,240,38,30,41,30,41,60,255,70,Medium Fast,50
315,264,Linoone,3,normal,1,Normal,None,0.5,32.5,420,78,70,61,50,61,100,90,147,Medium Fast,50
316,264,Galarian Linoone,3,normal,2,Dark,Normal,0.5,32.5,420,78,70,61,50,61,100,60,147,Medium Fast,50
317,265,Wurmple,3,normal,1,Bug,None,0.3,3.6,195,45,45,35,20,30,20,255,56,Medium Fast,50
318,266,Silcoon,3,normal,1,Bug,None,0.6,10,205,50,35,55,25,25,15,120,72,Medium Fast,50
319,267,Beautifly,3,normal,2,Bug,Flying,1,28.4,395,60,70,50,100,50,65,45,178,Medium Fast,50
320,268,Cascoon,3,normal,1,Bug,None,0.7,11.5,205,50,35,55,25,25,15,120,72,Medium Fast,50
321,269,Dustox,3,normal,2,Bug,Poison,1.2,31.6,385,60,50,70,50,90,65,45,173,Medium Fast,50
322,270,Lotad,3,normal,2,Water,Grass,0.5,2.6,220,40,30,30,40,50,30,255,44,Medium Slow,50
323,271,Lombre,3,normal,2,Water,Grass,1.2,32.5,340,60,50,50,60,70,50,120,119,Medium Slow,50
324,272,Ludicolo,3,normal,2,Water,Grass,1.5,55,480,80,70,70,90,100,70,45,216,Medium Slow,50
325,273,Seedot,3,normal,1,Grass,None,0.5,4,220,40,40,50,30,30,30,255,44,Medium Slow,50
326,274,Nuzleaf,3,normal,2,Grass,Dark,1,28,340,70,70,40,60,40,60,120,119,Medium Slow,50
327,275,Shiftry,3,normal,2,Grass,Dark,1.3,59.6,480,90,100,60,90,60,80,45,216,Medium Slow,50
328,276,Taillow,3,normal,2,Normal,Flying,0.3,2.3,270,40,55,30,30,30,85,200,54,Medium Slow,50
329,277,Swellow,3,normal,2,Normal,Flying,0.7,19.8,455,60,85,60,75,50,125,45,159,Medium Slow,50
330,278,Wingull,3,normal,2,Water,Flying,0.6,9.5,270,40,30,30,55,30,85,190,54,Medium Fast,50
331,279,Pelipper,3,normal,2,Water,Flying,1.2,28,440,60,50,100,95,70,65,45,154,Medium Fast,50
332,280,Ralts,3,normal,2,Psychic,Fairy,0.4,6.6,198,28,25,25,45,35,40,235,40,Slow,50
333,281,Kirlia,3,normal,2,Psychic,Fairy,0.8,20.2,278,38,35,35,65,55,50,120,97,Slow,50
334,282,Gardevoir,3,normal,2,Psychic,Fairy,1.6,48.4,518,68,65,65,125,115,80,45,233,Slow,50
335,282,Mega Gardevoir,3,normal,2,Psychic,Fairy,1.6,48.4,618,68,85,65,165,135,100,45,278,Slow,50
336,283,Surskit,3,normal,2,Bug,Water,0.5,1.7,269,40,30,32,50,52,65,200,54,Medium Fast,50
337,284,Masquerain,3,normal,2,Bug,Flying,0.8,3.6,454,70,60,62,100,82,80,75,159,Medium Fast,50
338,285,Shroomish,3,normal,1,Grass,None,0.4,4.5,295,60,40,60,40,60,35,255,59,Fluctuating,50
339,286,Breloom,3,normal,2,Grass,Fighting,1.2,39.2,460,60,130,80,60,60,70,90,161,Fluctuating,50
340,287,Slakoth,3,normal,1,Normal,None,0.8,24,280,60,60,60,35,35,30,255,56,Slow,50
341,288,Vigoroth,3,normal,1,Normal,None,1.4,46.5,440,80,80,80,55,55,90,120,154,Slow,50
342,289,Slaking,3,normal,1,Normal,None,2,130.5,670,150,160,100,95,65,100,45,252,Slow,50
343,290,Nincada,3,normal,2,Bug,Ground,0.5,5.5,266,31,45,90,30,30,40,255,53,Erratic,50
344,291,Ninjask,3,normal,2,Bug,Flying,0.8,12,456,61,90,45,50,50,160,120,160,Erratic,50
345,292,Shedinja,3,normal,2,Bug,Ghost,0.8,1.2,236,1,90,45,30,30,40,45,83,Erratic,0
346,293,Whismur,3,normal,1,Normal,None,0.6,16.3,240,64,51,23,51,23,28,190,48,Medium Slow,50
347,294,Loudred,3,normal,1,Normal,None,1,40.5,360,84,71,43,71,43,48,120,126,Medium Slow,50
348,295,Exploud,3,normal,1,Normal,None,1.5,84,490,104,91,63,91,73,68,45,221,Medium Slow,50
349,296,Makuhita,3,normal,1,Fighting,None,1,86.4,237,72,60,30,20,30,25,180,47,Fluctuating,75
350,297,Hariyama,3,normal,1,Fighting,None,2.3,253.8,474,144,120,60,40,60,50,200,166,Fluctuating,75
351,298,Azurill,3,normal,2,Normal,Fairy,0.2,2,190,50,20,40,20,40,20,150,38,Fast,25
352,299,Nosepass,3,normal,1,Rock,None,1,97,375,30,45,135,45,90,30,255,75,Medium Fast,50
353,300,Skitty,3,normal,1,Normal,None,0.6,11,260,50,45,45,35,35,50,255,52,Fast,25
354,301,Delcatty,3,normal,1,Normal,None,1.1,32.6,400,70,65,65,55,55,90,60,140,Fast,25
355,302,Sableye,3,normal,2,Dark,Ghost,0.5,11,380,50,75,75,65,65,50,45,133,Medium Slow,50
356,302,Mega Sableye,3,normal,2,Dark,Ghost,0.5,161,480,50,85,125,85,115,20,45,168,Medium Slow,50
357,303,Mawile,3,normal,2,Steel,Fairy,0.6,11.5,380,50,85,85,55,55,50,45,133,Fast,50
358,303,Mega Mawile,3,normal,2,Steel,Fairy,1,23.5,480,50,105,125,55,95,50,45,168,Fast,50
359,304,Aron,3,normal,2,Steel,Rock,0.4,60,330,50,70,100,40,40,30,180,66,Slow,50
360,305,Lairon,3,normal,2,Steel,Rock,0.9,120,430,60,90,140,50,50,40,90,151,Slow,50
361,306,Aggron,3,normal,2,Steel,Rock,2.1,360,530,70,110,180,60,60,50,45,239,Slow,50
362,306,Mega Aggron,3,normal,1,Steel,None,2.2,395,630,70,140,230,60,80,50,45,284,Slow,50
363,307,Meditite,3,normal,2,Fighting,Psychic,0.6,11.2,280,30,40,55,40,55,60,180,56,Medium Fast,50
364,308,Medicham,3,normal,2,Fighting,Psychic,1.3,31.5,410,60,60,75,60,75,80,90,144,Medium Fast,50
365,308,Mega Medicham,3,normal,2,Fighting,Psychic,1.3,31.5,510,60,100,85,80,85,100,90,179,Medium Fast,50
366,309,Electrike,3,normal,1,Electric,None,0.6,15.2,295,40,45,40,65,40,65,120,59,Slow,50
367,310,Manectric,3,normal,1,Electric,None,1.5,40.2,475,70,75,60,105,60,105,45,166,Slow,50
368,310,Mega Manectric,3,normal,1,Electric,None,1.8,44,575,70,75,80,135,80,135,45,201,Slow,50
369,311,Plusle,3,normal,1,Electric,None,0.4,4.2,405,60,50,40,85,75,95,200,142,Medium Fast,50
370,312,Minun,3,normal,1,Electric,None,0.4,4.2,405,60,40,50,75,85,95,200,142,Medium Fast,50
371,313,Volbeat,3,normal,1,Bug,None,0.7,17.7,430,65,73,75,47,85,85,150,151,Erratic,100
372,314,Illumise,3,normal,1,Bug,None,0.6,17.7,430,65,47,75,73,85,85,150,151,Fluctuating,0
373,315,Roselia,3,normal,2,Grass,Poison,0.3,2,400,50,60,45,100,80,65,150,140,Medium Slow,50
374,316,Gulpin,3,normal,1,Poison,None,0.4,10.3,302,70,43,53,43,53,40,225,60,Fluctuating,50
375,317,Swalot,3,normal,1,Poison,None,1.7,80,467,100,73,83,73,83,55,75,163,Fluctuating,50
376,318,Carvanha,3,normal,2,Water,Dark,0.8,20.8,305,45,90,20,65,20,65,225,61,Slow,50
377,319,Sharpedo,3,normal,2,Water,Dark,1.8,88.8,460,70,120,40,95,40,95,60,161,Slow,50
378,319,Mega Sharpedo,3,normal,2,Water,Dark,2.5,130.3,560,70,140,70,110,65,105,60,196,Slow,50
379,320,Wailmer,3,normal,1,Water,None,2,130,400,130,70,35,70,35,60,125,80,Fluctuating,50
380,321,Wailord,3,normal,1,Water,None,14.5,398,500,170,90,45,90,45,60,60,175,Fluctuating,50
381,322,Numel,3,normal,2,Fire,Ground,0.7,24,305,60,60,40,65,45,35,255,61,Medium Fast,50
382,323,Camerupt,3,normal,2,Fire,Ground,1.9,220,460,70,100,70,105,75,40,150,161,Medium Fast,50
383,323,Mega Camerupt,3,normal,2,Fire,Ground,2.5,320.5,560,70,120,100,145,105,20,150,196,Medium Fast,50
384,324,Torkoal,3,normal,1,Fire,None,0.5,80.4,470,70,85,140,85,70,20,90,165,Medium Fast,50
385,325,Spoink,3,normal,1,Psychic,None,0.7,30.6,330,60,25,35,70,80,60,255,66,Fast,50
386,326,Grumpig,3,normal,1,Psychic,None,0.9,71.5,470,80,45,65,90,110,80,60,165,Fast,50
387,327,Spinda,3,normal,1,Normal,None,1.1,5,360,60,60,60,60,60,60,255,126,Fast,50
388,328,Trapinch,3,normal,1,Ground,None,0.7,15,290,45,100,45,45,45,10,255,58,Medium Slow,50
389,329,Vibrava,3,normal,2,Ground,Dragon,1.1,15.3,340,50,70,50,50,50,70,120,119,Medium Slow,50
390,330,Flygon,3,normal,2,Ground,Dragon,2,82,520,80,100,80,80,80,100,45,234,Medium Slow,50
391,331,Cacnea,3,normal,1,Grass,None,0.4,51.3,335,50,85,40,85,40,35,190,67,Medium Slow,50
392,332,Cacturne,3,normal,2,Grass,Dark,1.3,77.4,475,70,115,60,115,60,55,60,166,Medium Slow,50
393,333,Swablu,3,normal,2,Normal,Flying,0.4,1.2,310,45,40,60,40,75,50,255,62,Erratic,50
394,334,Altaria,3,normal,2,Dragon,Flying,1.1,20.6,490,75,70,90,70,105,80,45,172,Erratic,50
395,334,Mega Altaria,3,normal,2,Dragon,Fairy,1.5,20.6,590,75,110,110,110,105,80,45,207,Erratic,50
396,335,Zangoose,3,normal,1,Normal,None,1.3,40.3,458,73,115,60,60,60,90,90,160,Erratic,50
397,336,Seviper,3,normal,1,Poison,None,2.7,52.5,458,73,100,60,100,60,65,90,160,Fluctuating,50
398,337,Lunatone,3,normal,2,Rock,Psychic,1,168,460,90,55,65,95,85,70,45,161,Fast,0
399,338,Solrock,3,normal,2,Rock,Psychic,1.2,154,460,90,95,85,55,65,70,45,161,Fast,0
400,339,Barboach,3,normal,2,Water,Ground,0.4,1.9,288,50,48,43,46,41,60,190,58,Medium Fast,50
401,340,Whiscash,3,normal,2,Water,Ground,0.9,23.6,468,110,78,73,76,71,60,75,164,Medium Fast,50
402,341,Corphish,3,normal,1,Water,None,0.6,11.5,308,43,80,65,50,35,35,205,62,Fluctuating,50
403,342,Crawdaunt,3,normal,2,Water,Dark,1.1,32.8,468,63,120,85,90,55,55,155,164,Fluctuating,50
404,343,Baltoy,3,normal,2,Ground,Psychic,0.5,21.5,300,40,40,55,40,70,55,255,60,Medium Fast,0
405,344,Claydol,3,normal,2,Ground,Psychic,1.5,108,500,60,70,105,70,120,75,90,175,Medium Fast,0
406,345,Lileep,3,normal,2,Rock,Grass,1,23.8,355,66,41,77,61,87,23,45,71,Erratic,87.5
407,346,Cradily,3,normal,2,Rock,Grass,1.5,60.4,495,86,81,97,81,107,43,45,173,Erratic,87.5
408,347,Anorith,3,normal,2,Rock,Bug,0.7,12.5,355,45,95,50,40,50,75,45,71,Erratic,87.5
409,348,Armaldo,3,normal,2,Rock,Bug,1.5,68.2,495,75,125,100,70,80,45,45,173,Erratic,87.5
410,349,Feebas,3,normal,1,Water,None,0.6,7.4,200,20,15,20,10,55,80,255,40,Erratic,50
411,350,Milotic,3,normal,1,Water,None,6.2,162,540,95,60,79,100,125,81,60,189,Erratic,50
412,351,Castform,3,normal,1,Normal,None,0.3,0.8,420,70,70,70,70,70,70,45,147,Medium Fast,50
413,351,Castform Sunny Form,3,normal,1,Fire,None,0.3,0.8,420,70,70,70,70,70,70,45,147,Medium Fast,50
414,351,Castform Rainy Form,3,normal,1,Water,None,0.3,0.8,420,70,70,70,70,70,70,45,147,Medium Fast,50
415,351,Castform Snowy Form,3,normal,1,Ice,None,0.3,0.8,420,70,70,70,70,70,70,45,147,Medium Fast,50
416,352,Kecleon,3,normal,1,Normal,None,1,22,440,60,90,70,60,120,40,200,154,Medium Slow,50
417,353,Shuppet,3,normal,1,Ghost,None,0.6,2.3,295,44,75,35,63,33,45,225,59,Fast,50
418,354,Banette,3,normal,1,Ghost,None,1.1,12.5,455,64,115,65,83,63,65,45,159,Fast,50
419,354,Mega Banette,3,normal,1,Ghost,None,1.2,13,555,64,165,75,93,83,75,45,194,Fast,50
420,355,Duskull,3,normal,1,Ghost,None,0.8,15,295,20,40,90,30,90,25,190,59,Fast,50
421,356,Dusclops,3,normal,1,Ghost,None,1.6,30.6,455,40,70,130,60,130,25,90,159,Fast,50
422,357,Tropius,3,normal,2,Grass,Flying,2,100,460,99,68,83,72,87,51,200,161,Slow,50
423,358,Chimecho,3,normal,1,Psychic,None,0.6,1,455,75,50,80,95,90,65,45,159,Fast,50
424,359,Absol,3,normal,1,Dark,None,1.2,47,465,65,130,60,75,60,75,30,163,Medium Slow,50
425,359,Mega Absol,3,normal,1,Dark,None,1.2,49,565,65,150,60,115,60,115,30,198,Medium Slow,50
426,360,Wynaut,3,normal,1,Psychic,None,0.6,14,260,95,23,48,23,48,23,125,52,Medium Fast,50
427,361,Snorunt,3,normal,1,Ice,None,0.7,16.8,300,50,50,50,50,50,50,190,60,Medium Fast,50
428,362,Glalie,3,normal,1,Ice,None,1.5,256.5,480,80,80,80,80,80,80,75,168,Medium Fast,50
429,362,Mega Glalie,3,normal,1,Ice,None,2.1,350.2,580,80,120,80,120,80,100,75,203,Medium Fast,50
430,363,Spheal,3,normal,2,Ice,Water,0.8,39.5,290,70,40,50,55,50,25,255,58,Medium Slow,50
431,364,Sealeo,3,normal,2,Ice,Water,1.1,87.6,410,90,60,70,75,70,45,120,144,Medium Slow,50
432,365,Walrein,3,normal,2,Ice,Water,1.4,150.6,530,110,80,90,95,90,65,45,239,Medium Slow,50
433,366,Clamperl,3,normal,1,Water,None,0.4,52.5,345,35,64,85,74,55,32,255,69,Erratic,50
434,367,Huntail,3,normal,1,Water,None,1.7,27,485,55,104,105,94,75,52,60,170,Erratic,50
435,368,Gorebyss,3,normal,1,Water,None,1.8,22.6,485,55,84,105,114,75,52,60,170,Erratic,50
436,369,Relicanth,3,normal,2,Water,Rock,1,23.4,485,100,90,130,45,65,55,25,170,Slow,87.5
437,370,Luvdisc,3,normal,1,Water,None,0.6,8.7,330,43,30,55,40,65,97,225,116,Fast,25
438,371,Bagon,3,normal,1,Dragon,None,0.6,42.1,300,45,75,60,40,30,50,45,60,Slow,50
439,372,Shelgon,3,normal,1,Dragon,None,1.1,110.5,420,65,95,100,60,50,50,45,147,Slow,50
440,373,Salamence,3,normal,2,Dragon,Flying,1.5,102.6,600,95,135,80,110,80,100,45,270,Slow,50
441,373,Mega Salamence,3,normal,2,Dragon,Flying,1.8,112.6,700,95,145,130,120,90,120,45,315,Slow,50
442,374,Beldum,3,normal,2,Steel,Psychic,0.6,95.2,300,40,55,80,35,60,30,3,60,Slow,0
443,375,Metang,3,normal,2,Steel,Psychic,1.2,202.5,420,60,75,100,55,80,50,3,147,Slow,0
444,376,Metagross,3,normal,2,Steel,Psychic,1.6,550,600,80,135,130,95,90,70,3,270,Slow,0
445,376,Mega Metagross,3,normal,2,Steel,Psychic,2.5,942.9,700,80,145,150,105,110,110,3,315,Slow,0
446,377,Regirock,3,sub_legendary,1,Rock,None,1.7,230,580,80,100,200,50,100,50,3,261,Slow,0
447,378,Regice,3,sub_legendary,1,Ice,None,1.8,175,580,80,50,100,100,200,50,3,261,Slow,0
448,379,Registeel,3,sub_legendary,1,Steel,None,1.9,205,580,80,75,150,75,150,50,3,261,Slow,0
449,380,Latias,3,sub_legendary,2,Dragon,Psychic,1.4,40,600,80,80,90,110,130,110,3,270,Slow,0
450,380,Mega Latias,3,sub_legendary,2,Dragon,Psychic,1.8,52,700,80,100,120,140,150,110,3,315,Slow,0
451,381,Latios,3,sub_legendary,2,Dragon,Psychic,2,60,600,80,90,80,130,110,110,3,270,Slow,100
452,381,Mega Latios,3,sub_legendary,2,Dragon,Psychic,2.3,70,700,80,130,100,160,120,110,3,315,Slow,100
453,382,Kyogre,3,legendary,1,Water,None,4.5,352,670,100,100,90,150,140,90,3,302,Slow,0
454,382,Primal Kyogre,3,legendary,1,Water,None,9.8,430,770,100,150,90,180,160,90,5,347,Slow,0
455,383,Groudon,3,legendary,1,Ground,None,3.5,950,670,100,150,140,100,90,90,3,302,Slow,0
456,383,Primal Groudon,3,legendary,2,Ground,Fire,5,999.7,770,100,180,160,150,90,90,5,347,Slow,0
457,384,Rayquaza,3,legendary,2,Dragon,Flying,7,206.5,680,105,150,90,150,90,95,45,306,Slow,0
458,384,Mega Rayquaza,3,legendary,2,Dragon,Flying,10.8,392,780,105,180,100,180,100,115,3,351,Slow,0
459,385,Jirachi,3,mythical,2,Steel,Psychic,0.3,1.1,600,100,100,100,100,100,100,3,270,Slow,0
460,386,Deoxys Normal Forme,3,mythical,1,Psychic,None,1.7,60.8,600,50,150,50,150,50,150,3,270,Slow,0
461,386,Deoxys Attack Forme,3,mythical,1,Psychic,None,1.7,60.8,600,50,180,20,180,20,150,3,270,Slow,0
462,386,Deoxys Defense Forme,3,mythical,1,Psychic,None,1.7,60.8,600,50,70,160,70,160,90,3,270,Slow,0
463,386,Deoxys Speed Forme,3,mythical,1,Psychic,None,1.7,60.8,600,50,95,90,95,90,180,3,270,Slow,0
464,387,Turtwig,4,normal,1,Grass,None,0.4,10.2,318,55,68,64,45,55,31,45,64,Medium Slow,87.5
465,388,Grotle,4,normal,1,Grass,None,1.1,97,405,75,89,85,55,65,36,45,142,Medium Slow,87.5
466,389,Torterra,4,normal,2,Grass,Ground,2.2,310,525,95,109,105,75,85,56,45,236,Medium Slow,87.5
467,390,Chimchar,4,normal,1,Fire,None,0.5,6.2,309,44,58,44,58,44,61,45,62,Medium Slow,87.5
468,391,Monferno,4,normal,2,Fire,Fighting,0.9,22,405,64,78,52,78,52,81,45,142,Medium Slow,87.5
469,392,Infernape,4,normal,2,Fire,Fighting,1.2,55,534,76,104,71,104,71,108,45,240,Medium Slow,87.5
470,393,Piplup,4,normal,1,Water,None,0.4,5.2,314,53,51,53,61,56,40,45,63,Medium Slow,87.5
471,394,Prinplup,4,normal,1,Water,None,0.8,23,405,64,66,68,81,76,50,45,142,Medium Slow,87.5
472,395,Empoleon,4,normal,2,Water,Steel,1.7,84.5,530,84,86,88,111,101,60,45,239,Medium Slow,87.5
473,396,Starly,4,normal,2,Normal,Flying,0.3,2,245,40,55,30,30,30,60,255,49,Medium Slow,50
474,397,Staravia,4,normal,2,Normal,Flying,0.6,15.5,340,55,75,50,40,40,80,120,119,Medium Slow,50
475,398,Staraptor,4,normal,2,Normal,Flying,1.2,24.9,485,85,120,70,50,60,100,45,218,Medium Slow,50
476,399,Bidoof,4,normal,1,Normal,None,0.5,20,250,59,45,40,35,40,31,255,50,Medium Fast,50
477,400,Bibarel,4,normal,2,Normal,Water,1,31.5,410,79,85,60,55,60,71,127,144,Medium Fast,50
478,401,Kricketot,4,normal,1,Bug,None,0.3,2.2,194,37,25,41,25,41,25,255,39,Medium Slow,50
479,402,Kricketune,4,normal,1,Bug,None,1,25.5,384,77,85,51,55,51,65,45,134,Medium Slow,50
480,403,Shinx,4,normal,1,Electric,None,0.5,9.5,263,45,65,34,40,34,45,235,53,Medium Slow,50
481,404,Luxio,4,normal,1,Electric,None,0.9,30.5,363,60,85,49,60,49,60,120,127,Medium Slow,50
482,405,Luxray,4,normal,1,Electric,None,1.4,42,523,80,120,79,95,79,70,45,235,Medium Slow,50
483,406,Budew,4,normal,2,Grass,Poison,0.2,1.2,280,40,30,35,50,70,55,255,56,Medium Slow,50
484,407,Roserade,4,normal,2,Grass,Poison,0.9,14.5,515,60,70,65,125,105,90,75,232,Medium Slow,50
485,408,Cranidos,4,normal,1,Rock,None,0.9,31.5,350,67,125,40,30,30,58,45,70,Erratic,87.5
486,409,Rampardos,4,normal,1,Rock,None,1.6,102.5,495,97,165,60,65,50,58,45,173,Erratic,87.5
487,410,Shieldon,4,normal,2,Rock,Steel,0.5,57,350,30,42,118,42,88,30,45,70,Erratic,87.5
488,411,Bastiodon,4,normal,2,Rock,Steel,1.3,149.5,495,60,52,168,47,138,30,45,173,Erratic,87.5
489,412,Burmy,4,normal,1,Bug,None,0.2,3.4,224,40,29,45,29,45,36,120,45,Medium Fast,50
490,413,Wormadam Plant Cloak,4,normal,2,Bug,Grass,0.5,6.5,424,60,59,85,79,105,36,45,148,Medium Fast,0
491,413,Wormadam Sandy Cloak,4,normal,2,Bug,Ground,0.5,6.5,424,60,79,105,59,85,36,45,148,Medium Fast,0
492,413,Wormadam Trash Cloak,4,normal,2,Bug,Steel,0.5,6.5,424,60,69,95,69,95,36,45,148,Medium Fast,0
493,414,Mothim,4,normal,2,Bug,Flying,0.9,23.3,424,70,94,50,94,50,66,45,148,Medium Fast,100
494,415,Combee,4,normal,2,Bug,Flying,0.3,5.5,244,30,30,42,30,42,70,120,49,Medium Slow,87.5
495,416,Vespiquen,4,normal,2,Bug,Flying,1.2,38.5,474,70,80,102,80,102,40,45,166,Medium Slow,0
496,417,Pachirisu,4,normal,1,Electric,None,0.4,3.9,405,60,45,70,45,90,95,200,142,Medium Fast,50
497,418,Buizel,4,normal,1,Water,None,0.7,29.5,330,55,65,35,60,30,85,190,66,Medium Fast,50
498,419,Floatzel,4,normal,1,Water,None,1.1,33.5,495,85,105,55,85,50,115,75,173,Medium Fast,50
499,420,Cherubi,4,normal,1,Grass,None,0.4,3.3,275,45,35,45,62,53,35,190,55,Medium Fast,50
500,421,Cherrim,4,normal,1,Grass,None,0.5,9.3,450,70,60,70,87,78,85,75,158,Medium Fast,50
501,422,Shellos,4,normal,1,Water,None,0.3,6.3,325,76,48,48,57,62,34,190,65,Medium Fast,50
502,423,Gastrodon,4,normal,2,Water,Ground,0.9,29.9,475,111,83,68,92,82,39,75,166,Medium Fast,50
503,424,Ambipom,4,normal,1,Normal,None,1.2,20.3,482,75,100,66,60,66,115,45,169,Fast,50
504,425,Drifloon,4,normal,2,Ghost,Flying,0.4,1.2,348,90,50,34,60,44,70,125,70,Fluctuating,50
505,426,Drifblim,4,normal,2,Ghost,Flying,1.2,15,498,150,80,44,90,54,80,60,174,Fluctuating,50
506,427,Buneary,4,normal,1,Normal,None,0.4,5.5,350,55,66,44,44,56,85,190,70,Medium Fast,50
507,428,Lopunny,4,normal,1,Normal,None,1.2,33.3,480,65,76,84,54,96,105,60,168,Medium Fast,50
508,428,Mega Lopunny,4,normal,2,Normal,Fighting,1.3,28.3,580,65,136,94,54,96,135,60,203,Medium Fast,50
509,429,Mismagius,4,normal,1,Ghost,None,0.9,4.4,495,60,60,60,105,105,105,45,173,Fast,50
510,430,Honchkrow,4,normal,2,Dark,Flying,0.9,27.3,505,100,125,52,105,52,71,30,177,Medium Slow,50
511,431,Glameow,4,normal,1,Normal,None,0.5,3.9,310,49,55,42,42,37,85,190,62,Fast,25
512,432,Purugly,4,normal,1,Normal,None,1,43.8,452,71,82,64,64,59,112,75,158,Fast,25
513,433,Chingling,4,normal,1,Psychic,None,0.2,0.6,285,45,30,50,65,50,45,120,57,Fast,50
514,434,Stunky,4,normal,2,Poison,Dark,0.4,19.2,329,63,63,47,41,41,74,225,66,Medium Fast,50
515,435,Skuntank,4,normal,2,Poison,Dark,1,38,479,103,93,67,71,61,84,60,168,Medium Fast,50
516,436,Bronzor,4,normal,2,Steel,Psychic,0.5,60.5,300,57,24,86,24,86,23,255,60,Medium Fast,0
517,437,Bronzong,4,normal,2,Steel,Psychic,1.3,187,500,67,89,116,79,116,33,90,175,Medium Fast,0
518,438,Bonsly,4,normal,1,Rock,None,0.5,15,290,50,80,95,10,45,10,255,58,Medium Fast,50
519,439,Mime Jr.,4,normal,2,Psychic,Fairy,0.6,13,310,20,25,45,70,90,60,145,62,Medium Fast,50
520,440,Happiny,4,normal,1,Normal,None,0.6,24.4,220,100,5,5,15,65,30,130,110,Fast,0
521,441,Chatot,4,normal,2,Normal,Flying,0.5,1.9,411,76,65,45,92,42,91,30,144,Medium Slow,50
522,442,Spiritomb,4,normal,2,Ghost,Dark,1,108,485,50,92,108,92,108,35,100,170,Medium Fast,50
523,443,Gible,4,normal,2,Dragon,Ground,0.7,20.5,300,58,70,45,40,45,42,45,60,Slow,50
524,444,Gabite,4,normal,2,Dragon,Ground,1.4,56,410,68,90,65,50,55,82,45,144,Slow,50
525,445,Garchomp,4,normal,2,Dragon,Ground,1.9,95,600,108,130,95,80,85,102,45,270,Slow,50
526,445,Mega Garchomp,4,normal,2,Dragon,Ground,1.9,95,700,108,170,115,120,95,92,45,315,Slow,50
527,446,Munchlax,4,normal,1,Normal,None,0.6,105,390,135,85,40,40,85,5,50,78,Slow,87.5
528,447,Riolu,4,normal,1,Fighting,None,0.7,20.2,285,40,70,40,35,40,60,75,57,Medium Slow,87.5
529,448,Lucario,4,normal,2,Fighting,Steel,1.2,54,525,70,110,70,115,70,90,45,184,Medium Slow,87.5
530,448,Mega Lucario,4,normal,2,Fighting,Steel,1.3,57.5,625,70,145,88,140,70,112,45,219,Medium Slow,87.5
531,449,Hippopotas,4,normal,1,Ground,None,0.8,49.5,330,68,72,78,38,42,32,140,66,Slow,50
532,450,Hippowdon,4,normal,1,Ground,None,2,300,525,108,112,118,68,72,47,60,184,Slow,50
533,451,Skorupi,4,normal,2,Poison,Bug,0.8,12,330,40,50,90,30,55,65,120,66,Slow,50
534,452,Drapion,4,normal,2,Poison,Dark,1.3,61.5,500,70,90,110,60,75,95,45,175,Slow,50
535,453,Croagunk,4,normal,2,Poison,Fighting,0.7,23,300,48,61,40,61,40,50,140,60,Medium Fast,50
536,454,Toxicroak,4,normal,2,Poison,Fighting,1.3,44.4,490,83,106,65,86,65,85,75,172,Medium Fast,50
537,455,Carnivine,4,normal,1,Grass,None,1.4,27,454,74,100,72,90,72,46,200,159,Slow,50
538,456,Finneon,4,normal,1,Water,None,0.4,7,330,49,49,56,49,61,66,190,66,Erratic,50
539,457,Lumineon,4,normal,1,Water,None,1.2,24,460,69,69,76,69,86,91,75,161,Erratic,50
540,458,Mantyke,4,normal,2,Water,Flying,1,65,345,45,20,50,60,120,50,25,69,Slow,50
541,459,Snover,4,normal,2,Grass,Ice,1,50.5,334,60,62,50,62,60,40,120,67,Slow,50
542,460,Abomasnow,4,normal,2,Grass,Ice,2.2,135.5,494,90,92,75,92,85,60,60,173,Slow,50
543,460,Mega Abomasnow,4,normal,2,Grass,Ice,2.7,185,594,90,132,105,132,105,30,60,208,Slow,50
544,461,Weavile,4,normal,2,Dark,Ice,1.1,34,510,70,120,65,45,85,125,45,179,Medium Slow,50
545,462,Magnezone,4,normal,2,Electric,Steel,1.2,180,535,70,70,115,130,90,60,30,241,Medium Fast,0
546,463,Lickilicky,4,normal,1,Normal,None,1.7,140,515,110,85,95,80,95,50,30,180,Medium Fast,50
547,464,Rhyperior,4,normal,2,Ground,Rock,2.4,282.8,535,115,140,130,55,55,40,30,241,Slow,50
548,465,Tangrowth,4,normal,1,Grass,None,2,128.6,535,100,100,125,110,50,50,30,187,Medium Fast,50
549,466,Electivire,4,normal,1,Electric,None,1.8,138.6,540,75,123,67,95,85,95,30,243,Medium Fast,75
550,467,Magmortar,4,normal,1,Fire,None,1.6,68,540,75,95,67,125,95,83,30,243,Medium Fast,75
551,468,Togekiss,4,normal,2,Fairy,Flying,1.5,38,545,85,50,95,120,115,80,30,245,Fast,87.5
552,469,Yanmega,4,normal,2,Bug,Flying,1.9,51.5,515,86,76,86,116,56,95,30,180,Medium Fast,50
553,470,Leafeon,4,normal,1,Grass,None,1,25.5,525,65,110,130,60,65,95,45,184,Medium Fast,87.5
554,471,Glaceon,4,normal,1,Ice,None,0.8,25.9,525,65,60,110,130,95,65,45,184,Medium Fast,87.5
555,472,Gliscor,4,normal,2,Ground,Flying,2,42.5,510,75,95,125,45,75,95,30,179,Medium Slow,50
556,473,Mamoswine,4,normal,2,Ice,Ground,2.5,291,530,110,130,80,70,60,80,50,239,Slow,50
557,474,Porygon-Z,4,normal,1,Normal,None,0.9,34,535,85,80,70,135,75,90,30,241,Medium Fast,0
558,475,Gallade,4,normal,2,Psychic,Fighting,1.6,52,518,68,125,65,65,115,80,45,233,Slow,100
559,475,Mega Gallade,4,normal,2,Psychic,Fighting,1.6,56.4,618,68,165,95,65,115,110,45,278,Slow,100
560,476,Probopass,4,normal,2,Rock,Steel,1.4,340,525,60,55,145,75,150,40,60,184,Medium Fast,50
561,477,Dusknoir,4,normal,1,Ghost,None,2.2,106.6,525,45,100,135,65,135,45,45,236,Fast,50
562,478,Froslass,4,normal,2,Ice,Ghost,1.3,26.6,480,70,80,70,80,70,110,75,168,Medium Fast,0
563,479,Rotom,4,normal,2,Electric,Ghost,0.3,0.3,440,50,50,77,95,77,91,45,154,Medium Fast,0
564,479,Heat Rotom,4,normal,2,Electric,Fire,0.3,0.3,520,50,65,107,105,107,86,45,182,Medium Fast,0
565,479,Wash Rotom,4,normal,2,Electric,Water,0.3,0.3,520,50,65,107,105,107,86,45,182,Medium Fast,0
566,479,Frost Rotom,4,normal,2,Electric,Ice,0.3,0.3,520,50,65,107,105,107,86,45,182,Medium Fast,0
567,479,Fan Rotom,4,normal,2,Electric,Flying,0.3,0.3,520,50,65,107,105,107,86,45,182,Medium Fast,0
568,479,Mow Rotom,4,normal,2,Electric,Grass,0.3,0.3,520,50,65,107,105,107,86,45,182,Medium Fast,0
569,480,Uxie,4,sub_legendary,1,Psychic,None,0.3,0.3,580,75,75,130,75,130,95,3,261,Slow,0
570,481,Mesprit,4,sub_legendary,1,Psychic,None,0.3,0.3,580,80,105,105,105,105,80,3,261,Slow,0
571,482,Azelf,4,sub_legendary,1,Psychic,None,0.3,0.3,580,75,125,70,125,70,115,3,261,Slow,0
572,483,Dialga,4,legendary,2,Steel,Dragon,5.4,683,680,100,120,120,150,100,90,3,306,Slow,0
573,484,Palkia,4,legendary,2,Water,Dragon,4.2,336,680,90,120,100,150,120,100,3,306,Slow,0
574,485,Heatran,4,sub_legendary,2,Fire,Steel,1.7,430,600,91,90,106,130,106,77,3,270,Slow,50
575,486,Regigigas,4,sub_legendary,1,Normal,None,3.7,420,670,110,160,110,80,110,100,3,302,Slow,0
576,487,Giratina Altered Forme,4,legendary,2,Ghost,Dragon,4.5,750,680,150,100,120,100,120,90,3,306,Slow,0
577,487,Giratina Origin Forme,4,legendary,2,Ghost,Dragon,6.9,650,680,150,120,100,120,100,90,3,306,Slow,0
578,488,Cresselia,4,sub_legendary,1,Psychic,None,1.5,85.6,600,120,70,120,75,130,85,3,270,Slow,0
579,489,Phione,4,mythical,1,Water,None,0.4,3.1,480,80,80,80,80,80,80,30,216,Slow,0
580,490,Manaphy,4,mythical,1,Water,None,0.3,1.4,600,100,100,100,100,100,100,3,270,Slow,0
581,491,Darkrai,4,mythical,1,Dark,None,1.5,50.5,600,70,90,90,135,90,125,3,270,Slow,0
582,492,Shaymin Land Forme,4,mythical,1,Grass,None,0.2,2.1,600,100,100,100,100,100,100,45,270,Medium Slow,0
583,492,Shaymin Sky Forme,4,mythical,2,Grass,Flying,0.4,5.2,600,100,103,75,120,75,127,45,270,Medium Slow,0
584,493,Arceus,4,mythical,1,Normal,None,3.2,320,720,120,120,120,120,120,120,3,324,Slow,0
585,494,Victini,5,mythical,2,Psychic,Fire,0.4,4,600,100,100,100,100,100,100,3,270,Slow,0
586,495,Snivy,5,normal,1,Grass,None,0.6,8.1,308,45,45,55,45,55,63,45,62,Medium Slow,87.5
587,496,Servine,5,normal,1,Grass,None,0.8,16,413,60,60,75,60,75,83,45,145,Medium Slow,87.5
588,497,Serperior,5,normal,1,Grass,None,3.3,63,528,75,75,95,75,95,113,45,238,Medium Slow,87.5
589,498,Tepig,5,normal,1,Fire,None,0.5,9.9,308,65,63,45,45,45,45,45,62,Medium Slow,87.5
590,499,Pignite,5,normal,2,Fire,Fighting,1,55.5,418,90,93,55,70,55,55,45,146,Medium Slow,87.5
591,500,Emboar,5,normal,2,Fire,Fighting,1.6,150,528,110,123,65,100,65,65,45,238,Medium Slow,87.5
592,501,Oshawott,5,normal,1,Water,None,0.5,5.9,308,55,55,45,63,45,45,45,62,Medium Slow,87.5
593,502,Dewott,5,normal,1,Water,None,0.8,24.5,413,75,75,60,83,60,60,45,145,Medium Slow,87.5
594,503,Samurott,5,normal,1,Water,None,1.5,94.6,528,95,100,85,108,70,70,45,238,Medium Slow,87.5
595,504,Patrat,5,normal,1,Normal,None,0.5,11.6,255,45,55,39,35,39,42,255,51,Medium Fast,50
596,505,Watchog,5,normal,1,Normal,None,1.1,27,420,60,85,69,60,69,77,255,147,Medium Fast,50
597,506,Lillipup,5,normal,1,Normal,None,0.4,4.1,275,45,60,45,25,45,55,255,55,Medium Slow,50
598,507,Herdier,5,normal,1,Normal,None,0.9,14.7,370,65,80,65,35,65,60,120,130,Medium Slow,50
599,508,Stoutland,5,normal,1,Normal,None,1.2,61,500,85,110,90,45,90,80,45,225,Medium Slow,50
600,509,Purrloin,5,normal,1,Dark,None,0.4,10.1,281,41,50,37,50,37,66,255,56,Medium Fast,50
601,510,Liepard,5,normal,1,Dark,None,1.1,37.5,446,64,88,50,88,50,106,90,156,Medium Fast,50
602,511,Pansage,5,normal,1,Grass,None,0.6,10.5,316,50,53,48,53,48,64,190,63,Medium Fast,87.5
603,512,Simisage,5,normal,1,Grass,None,1.1,30.5,498,75,98,63,98,63,101,75,174,Medium Fast,87.5
604,513,Pansear,5,normal,1,Fire,None,0.6,11,316,50,53,48,53,48,64,190,63,Medium Fast,87.5
605,514,Simisear,5,normal,1,Fire,None,1,28,498,75,98,63,98,63,101,75,174,Medium Fast,87.5
606,515,Panpour,5,normal,1,Water,None,0.6,13.5,316,50,53,48,53,48,64,190,63,Medium Fast,87.5
607,516,Simipour,5,normal,1,Water,None,1,29,498,75,98,63,98,63,101,75,174,Medium Fast,87.5
608,517,Munna,5,normal,1,Psychic,None,0.6,23.3,292,76,25,45,67,55,24,190,58,Fast,50
609,518,Musharna,5,normal,1,Psychic,None,1.1,60.5,487,116,55,85,107,95,29,75,170,Fast,50
610,519,Pidove,5,normal,2,Normal,Flying,0.3,2.1,264,50,55,50,36,30,43,255,53,Medium Slow,50
611,520,Tranquill,5,normal,2,Normal,Flying,0.6,15,358,62,77,62,50,42,65,120,125,Medium Slow,50
612,521,Unfezant,5,normal,2,Normal,Flying,1.2,29,488,80,115,80,65,55,93,45,220,Medium Slow,50
613,522,Blitzle,5,normal,1,Electric,None,0.8,29.8,295,45,60,32,50,32,76,190,59,Medium Fast,50
614,523,Zebstrika,5,normal,1,Electric,None,1.6,79.5,497,75,100,63,80,63,116,75,174,Medium Fast,50
615,524,Roggenrola,5,normal,1,Rock,None,0.4,18,280,55,75,85,25,25,15,255,56,Medium Slow,50
616,525,Boldore,5,normal,1,Rock,None,0.9,102,390,70,105,105,50,40,20,120,137,Medium Slow,50
617,526,Gigalith,5,normal,1,Rock,None,1.7,260,515,85,135,130,60,80,25,45,232,Medium Slow,50
618,527,Woobat,5,normal,2,Psychic,Flying,0.4,2.1,323,65,45,43,55,43,72,190,65,Medium Fast,50
619,528,Swoobat,5,normal,2,Psychic,Flying,0.9,10.5,425,67,57,55,77,55,114,45,149,Medium Fast,50
620,529,Drilbur,5,normal,1,Ground,None,0.3,8.5,328,60,85,40,30,45,68,120,66,Medium Fast,50
621,530,Excadrill,5,normal,2,Ground,Steel,0.7,40.4,508,110,135,60,50,65,88,60,178,Medium Fast,50
622,531,Audino,5,normal,1,Normal,None,1.1,31,445,103,60,86,60,86,50,255,390,Fast,50
623,531,Mega Audino,5,normal,2,Normal,Fairy,1.5,32,545,103,60,126,80,126,50,255,425,Fast,50
624,532,Timburr,5,normal,1,Fighting,None,0.6,12.5,305,75,80,55,25,35,35,180,61,Medium Slow,75
625,533,Gurdurr,5,normal,1,Fighting,None,1.2,40,405,85,105,85,40,50,40,90,142,Medium Slow,75
626,534,Conkeldurr,5,normal,1,Fighting,None,1.4,87,505,105,140,95,55,65,45,45,227,Medium Slow,75
627,535,Tympole,5,normal,1,Water,None,0.5,4.5,294,50,50,40,50,40,64,255,59,Medium Slow,50
628,536,Palpitoad,5,normal,2,Water,Ground,0.8,17,384,75,65,55,65,55,69,120,134,Medium Slow,50
629,537,Seismitoad,5,normal,2,Water,Ground,1.5,62,509,105,95,75,85,75,74,45,229,Medium Slow,50
630,538,Throh,5,normal,1,Fighting,None,1.3,55.5,465,120,100,85,30,85,45,45,163,Medium Fast,100
631,539,Sawk,5,normal,1,Fighting,None,1.4,51,465,75,125,75,30,75,85,45,163,Medium Fast,100
632,540,Sewaddle,5,normal,2,Bug,Grass,0.3,2.5,310,45,53,70,40,60,42,255,62,Medium Slow,50
633,541,Swadloon,5,normal,2,Bug,Grass,0.5,7.3,380,55,63,90,50,80,42,120,133,Medium Slow,50
634,542,Leavanny,5,normal,2,Bug,Grass,1.2,20.5,500,75,103,80,70,80,92,45,225,Medium Slow,50
635,543,Venipede,5,normal,2,Bug,Poison,0.4,5.3,260,30,45,59,30,39,57,255,52,Medium Slow,50
636,544,Whirlipede,5,normal,2,Bug,Poison,1.2,58.5,360,40,55,99,40,79,47,120,126,Medium Slow,50
637,545,Scolipede,5,normal,2,Bug,Poison,2.5,200.5,485,60,100,89,55,69,112,45,218,Medium Slow,50
638,546,Cottonee,5,normal,2,Grass,Fairy,0.3,0.6,280,40,27,60,37,50,66,190,56,Medium Fast,50
639,547,Whimsicott,5,normal,2,Grass,Fairy,0.7,6.6,480,60,67,85,77,75,116,75,168,Medium Fast,50
640,548,Petilil,5,normal,1,Grass,None,0.5,6.6,280,45,35,50,70,50,30,190,56,Medium Fast,0
641,549,Lilligant,5,normal,1,Grass,None,1.1,16.3,480,70,60,75,110,75,90,75,168,Medium Fast,0
642,550,Basculin Red-Striped Form,5,normal,1,Water,None,1,18,460,70,92,65,80,55,98,25,161,Medium Fast,50
643,550,Basculin Blue-Striped Form,5,normal,1,Water,None,1,18,460,70,92,65,80,55,98,25,161,Medium Fast,50
644,551,Sandile,5,normal,2,Ground,Dark,0.7,15.2,292,50,72,35,35,35,65,180,58,Medium Slow,50
645,552,Krokorok,5,normal,2,Ground,Dark,1,33.4,351,60,82,45,45,45,74,90,123,Medium Slow,50
646,553,Krookodile,5,normal,2,Ground,Dark,1.5,96.3,519,95,117,80,65,70,92,45,234,Medium Slow,50
647,554,Darumaka,5,normal,1,Fire,None,0.6,37.5,315,70,90,45,15,45,50,120,63,Medium Slow,50
648,554,Galarian Darumaka,5,normal,1,Ice,None,0.7,40,315,70,90,45,15,45,50,190,168,Medium Slow,50
649,555,Darmanitan Standard Mode,5,normal,1,Fire,None,1.3,92.9,480,105,140,55,30,55,95,60,168,Medium Slow,50
650,555,Darmanitan Zen Mode,5,normal,2,Fire,Psychic,1.3,92.9,540,105,30,105,140,105,55,60,189,Medium Slow,50
651,555,Darmanitan Galarian Standard Mode,5,normal,1,Ice,None,1.7,120,480,105,140,55,30,55,95,60,168,Medium Slow,50
652,555,Darmanitan Galarian Zen Mode,5,normal,2,Ice,Fire,1.7,120,540,105,160,55,30,55,135,60,69,,50
653,556,Maractus,5,normal,1,Grass,None,1,28,461,75,86,67,106,67,60,255,161,Medium Fast,50
654,557,Dwebble,5,normal,2,Bug,Rock,0.3,14.5,325,50,65,85,35,35,55,190,65,Medium Fast,50
655,558,Crustle,5,normal,2,Bug,Rock,1.4,200,485,70,105,125,65,75,45,75,170,Medium Fast,50
656,559,Scraggy,5,normal,2,Dark,Fighting,0.6,11.8,348,50,75,70,35,70,48,180,70,Medium Fast,50
657,560,Scrafty,5,normal,2,Dark,Fighting,1.1,30,488,65,90,115,45,115,58,90,171,Medium Fast,50
658,561,Sigilyph,5,normal,2,Psychic,Flying,1.4,14,490,72,58,80,103,80,97,45,172,Medium Fast,50
659,562,Yamask,5,normal,1,Ghost,None,0.5,1.5,303,38,30,85,55,65,30,190,61,Medium Fast,50
660,562,Galarian Yamask,5,normal,2,Ground,Ghost,0.5,1.5,303,38,55,85,30,65,30,45,169,Medium Fast,50
661,563,Cofagrigus,5,normal,1,Ghost,None,1.7,76.5,483,58,50,145,95,105,30,90,169,Medium Fast,50
662,564,Tirtouga,5,normal,2,Water,Rock,0.7,16.5,355,54,78,103,53,45,22,45,71,Medium Fast,87.5
663,565,Carracosta,5,normal,2,Water,Rock,1.2,81,495,74,108,133,83,65,32,45,173,Medium Fast,87.5
664,566,Archen,5,normal,2,Rock,Flying,0.5,9.5,401,55,112,45,74,45,70,45,71,Medium Fast,87.5
665,567,Archeops,5,normal,2,Rock,Flying,1.4,32,567,75,140,65,112,65,110,45,177,Medium Fast,87.5
666,568,Trubbish,5,normal,1,Poison,None,0.6,31,329,50,50,62,40,62,65,190,66,Medium Fast,50
667,569,Garbodor,5,normal,1,Poison,None,1.9,107.3,474,80,95,82,60,82,75,60,166,Medium Fast,50
668,570,Zorua,5,normal,1,Dark,None,0.7,12.5,330,40,65,40,80,40,65,75,66,Medium Slow,87.5
669,571,Zoroark,5,normal,1,Dark,None,1.6,81.1,510,60,105,60,120,60,105,45,179,Medium Slow,87.5
670,572,Minccino,5,normal,1,Normal,None,0.4,5.8,300,55,50,40,40,40,75,255,60,Fast,25
671,573,Cinccino,5,normal,1,Normal,None,0.5,7.5,470,75,95,60,65,60,115,60,165,Fast,25
672,574,Gothita,5,normal,1,Psychic,None,0.4,5.8,290,45,30,50,55,65,45,200,58,Medium Slow,25
673,575,Gothorita,5,normal,1,Psychic,None,0.7,18,390,60,45,70,75,85,55,100,137,Medium Slow,25
674,576,Gothitelle,5,normal,1,Psychic,None,1.5,44,490,70,55,95,95,110,65,50,221,Medium Slow,25
675,577,Solosis,5,normal,1,Psychic,None,0.3,1,290,45,30,40,105,50,20,200,58,Medium Slow,50
676,578,Duosion,5,normal,1,Psychic,None,0.6,8,370,65,40,50,125,60,30,100,130,Medium Slow,50
677,579,Reuniclus,5,normal,1,Psychic,None,1,20.1,490,110,65,75,125,85,30,50,221,Medium Slow,50
678,580,Ducklett,5,normal,2,Water,Flying,0.5,5.5,305,62,44,50,44,50,55,190,61,Medium Fast,50
679,581,Swanna,5,normal,2,Water,Flying,1.3,24.2,473,75,87,63,87,63,98,45,166,Medium Fast,50
680,582,Vanillite,5,normal,1,Ice,None,0.4,5.7,305,36,50,50,65,60,44,255,61,Slow,50
681,583,Vanillish,5,normal,1,Ice,None,1.1,41,395,51,65,65,80,75,59,120,138,Slow,50
682,584,Vanilluxe,5,normal,1,Ice,None,1.3,57.5,535,71,95,85,110,95,79,45,241,Slow,50
683,585,Deerling,5,normal,2,Normal,Grass,0.6,19.5,335,60,60,50,40,50,75,190,67,Medium Fast,50
684,586,Sawsbuck,5,normal,2,Normal,Grass,1.9,92.5,475,80,100,70,60,70,95,75,166,Medium Fast,50
685,587,Emolga,5,normal,2,Electric,Flying,0.4,5,428,55,75,60,75,60,103,200,150,Medium Fast,50
686,588,Karrablast,5,normal,1,Bug,None,0.5,5.9,315,50,75,45,40,45,60,200,63,Medium Fast,50
687,589,Escavalier,5,normal,2,Bug,Steel,1,33,495,70,135,105,60,105,20,75,173,Medium Fast,50
688,590,Foongus,5,normal,2,Grass,Poison,0.2,1,294,69,55,45,55,55,15,190,59,Medium Fast,50
689,591,Amoonguss,5,normal,2,Grass,Poison,0.6,10.5,464,114,85,70,85,80,30,75,162,Medium Fast,50
690,592,Frillish,5,normal,2,Water,Ghost,1.2,33,335,55,40,50,65,85,40,190,67,Medium Fast,50
691,593,Jellicent,5,normal,2,Water,Ghost,2.2,135,480,100,60,70,85,105,60,60,168,Medium Fast,50
692,594,Alomomola,5,normal,1,Water,None,1.2,31.6,470,165,75,80,40,45,65,75,165,Fast,50
693,595,Joltik,5,normal,2,Bug,Electric,0.1,0.6,319,50,47,50,57,50,65,190,64,Medium Fast,50
694,596,Galvantula,5,normal,2,Bug,Electric,0.8,14.3,472,70,77,60,97,60,108,75,165,Medium Fast,50
695,597,Ferroseed,5,normal,2,Grass,Steel,0.6,18.8,305,44,50,91,24,86,10,255,61,Medium Fast,50
696,598,Ferrothorn,5,normal,2,Grass,Steel,1,110,489,74,94,131,54,116,20,90,171,Medium Fast,50
697,599,Klink,5,normal,1,Steel,None,0.3,21,300,40,55,70,45,60,30,130,60,Medium Slow,0
698,600,Klang,5,normal,1,Steel,None,0.6,51,440,60,80,95,70,85,50,60,154,Medium Slow,0
699,601,Klinklang,5,normal,1,Steel,None,0.6,81,520,60,100,115,70,85,90,30,234,Medium Slow,0
700,602,Tynamo,5,normal,1,Electric,None,0.2,0.3,275,35,55,40,45,40,60,190,55,Slow,50
701,603,Eelektrik,5,normal,1,Electric,None,1.2,22,405,65,85,70,75,70,40,60,142,Slow,50
702,604,Eelektross,5,normal,1,Electric,None,2.1,80.5,515,85,115,80,105,80,50,30,232,Slow,50
703,605,Elgyem,5,normal,1,Psychic,None,0.5,9,335,55,55,55,85,55,30,255,67,Medium Fast,50
704,606,Beheeyem,5,normal,1,Psychic,None,1,34.5,485,75,75,75,125,95,40,90,170,Medium Fast,50
705,607,Litwick,5,normal,2,Ghost,Fire,0.3,3.1,275,50,30,55,65,55,20,190,55,Medium Slow,50
706,608,Lampent,5,normal,2,Ghost,Fire,0.6,13,370,60,40,60,95,60,55,90,130,Medium Slow,50
707,609,Chandelure,5,normal,2,Ghost,Fire,1,34.3,520,60,55,90,145,90,80,45,234,Medium Slow,50
708,610,Axew,5,normal,1,Dragon,None,0.6,18,320,46,87,60,30,40,57,75,64,Slow,50
709,611,Fraxure,5,normal,1,Dragon,None,1,36,410,66,117,70,40,50,67,60,144,Slow,50
710,612,Haxorus,5,normal,1,Dragon,None,1.8,105.5,540,76,147,90,60,70,97,45,243,Slow,50
711,613,Cubchoo,5,normal,1,Ice,None,0.5,8.5,305,55,70,40,60,40,40,120,61,Medium Fast,50
712,614,Beartic,5,normal,1,Ice,None,2.6,260,505,95,130,80,70,80,50,60,177,Medium Fast,50
713,615,Cryogonal,5,normal,1,Ice,None,1.1,148,515,80,50,50,95,135,105,25,180,Medium Fast,0
714,616,Shelmet,5,normal,1,Bug,None,0.4,7.7,305,50,40,85,40,65,25,200,61,Medium Fast,50
715,617,Accelgor,5,normal,1,Bug,None,0.8,25.3,495,80,70,40,100,60,145,75,173,Medium Fast,50
716,618,Stunfisk,5,normal,2,Ground,Electric,0.7,11,471,109,66,84,81,99,32,75,165,Medium Fast,50
717,618,Galarian Stunfisk,5,normal,2,Ground,Steel,0.7,20.5,471,109,81,99,66,84,32,90,-1,Medium Fast,0
718,619,Mienfoo,5,normal,1,Fighting,None,0.9,20,350,45,85,50,55,50,65,180,70,Medium Slow,50
719,620,Mienshao,5,normal,1,Fighting,None,1.4,35.5,510,65,125,60,95,60,105,45,179,Medium Slow,50
720,621,Druddigon,5,normal,1,Dragon,None,1.6,139,485,77,120,90,60,90,48,45,170,Medium Fast,50
721,622,Golett,5,normal,2,Ground,Ghost,1,92,303,59,74,50,35,50,35,190,61,Medium Fast,0
722,623,Golurk,5,normal,2,Ground,Ghost,2.8,330,483,89,124,80,55,80,55,90,169,Medium Fast,0
723,624,Pawniard,5,normal,2,Dark,Steel,0.5,10.2,340,45,85,70,40,40,60,120,68,Medium Fast,50
724,625,Bisharp,5,normal,2,Dark,Steel,1.6,70,490,65,125,100,60,70,70,45,172,Medium Fast,50
725,626,Bouffalant,5,normal,1,Normal,None,1.6,94.6,490,95,110,95,40,95,55,45,172,Medium Fast,50
726,627,Rufflet,5,normal,2,Normal,Flying,0.5,10.5,350,70,83,50,37,50,60,190,70,Slow,100
727,628,Braviary,5,normal,2,Normal,Flying,1.5,41,510,100,123,75,57,75,80,60,179,Slow,100
728,629,Vullaby,5,normal,2,Dark,Flying,0.5,9,370,70,55,75,45,65,60,190,74,Slow,0
729,630,Mandibuzz,5,normal,2,Dark,Flying,1.2,39.5,510,110,65,105,55,95,80,60,179,Slow,0
730,631,Heatmor,5,normal,1,Fire,None,1.4,58,484,85,97,66,105,66,65,90,169,Medium Fast,50
731,632,Durant,5,normal,2,Bug,Steel,0.3,33,484,58,109,112,48,48,109,90,169,Medium Fast,50
732,633,Deino,5,normal,2,Dark,Dragon,0.8,17.3,300,52,65,50,45,50,38,45,60,Slow,50
733,634,Zweilous,5,normal,2,Dark,Dragon,1.4,50,420,72,85,70,65,70,58,45,147,Slow,50
734,635,Hydreigon,5,normal,2,Dark,Dragon,1.8,160,600,92,105,90,125,90,98,45,270,Slow,50
735,636,Larvesta,5,normal,2,Bug,Fire,1.1,28.8,360,55,85,55,50,55,60,45,72,Slow,50
736,637,Volcarona,5,normal,2,Bug,Fire,1.6,46,550,85,60,65,135,105,100,15,248,Slow,50
737,638,Cobalion,5,sub_legendary,2,Steel,Fighting,2.1,250,580,91,90,129,90,72,108,3,261,Slow,0
738,639,Terrakion,5,sub_legendary,2,Rock,Fighting,1.9,260,580,91,129,90,72,90,108,3,261,Slow,0
739,640,Virizion,5,sub_legendary,2,Grass,Fighting,2,200,580,91,90,72,90,129,108,3,261,Slow,0
740,641,Tornadus Incarnate Forme,5,sub_legendary,1,Flying,None,1.5,63,580,79,115,70,125,80,111,3,261,Slow,100
741,641,Tornadus Therian Forme,5,sub_legendary,1,Flying,None,1.4,63,580,79,100,80,110,90,121,3,261,Slow,100
742,642,Thundurus Incarnate Forme,5,sub_legendary,2,Electric,Flying,1.5,61,580,79,115,70,125,80,111,3,261,Slow,100
743,642,Thundurus Therian Forme,5,sub_legendary,2,Electric,Flying,3,61,580,79,105,70,145,80,101,3,261,Slow,100
744,643,Reshiram,5,legendary,2,Dragon,Fire,3.2,330,680,100,120,100,150,120,90,3,306,Slow,0
745,644,Zekrom,5,legendary,2,Dragon,Electric,2.9,345,680,100,150,120,120,100,90,3,306,Slow,0
746,645,Landorus Incarnate Forme,5,sub_legendary,2,Ground,Flying,1.5,68,600,89,125,90,115,80,101,3,270,Slow,100
747,645,Landorus Therian Forme,5,sub_legendary,2,Ground,Flying,1.3,68,600,89,145,90,105,80,91,3,270,Slow,100
748,646,Kyurem,5,legendary,2,Dragon,Ice,3,325,660,125,130,90,130,90,95,3,297,Slow,0
749,646,Black Kyurem,5,legendary,2,Dragon,Ice,3.3,325,700,125,170,100,120,90,95,3,315,Slow,0
750,646,White Kyurem,5,legendary,2,Dragon,Ice,3.6,325,700,125,120,90,170,100,95,3,315,Slow,0
751,647,Keldeo Ordinary Forme,5,mythical,2,Water,Fighting,1.4,48.5,580,91,72,90,129,90,108,3,261,Slow,0
752,647,Keldeo Resolute Forme,5,mythical,2,Water,Fighting,1.4,48.5,580,91,72,90,129,90,108,3,261,Slow,0
753,648,Meloetta Aria Forme,5,mythical,2,Normal,Psychic,0.6,6.5,600,100,77,77,128,128,90,3,270,Slow,0
754,648,Meloetta Pirouette Forme,5,mythical,2,Normal,Fighting,0.6,6.5,600,100,128,90,77,77,128,3,270,Slow,0
755,649,Genesect,5,mythical,2,Bug,Steel,1.5,82.5,600,71,120,95,120,95,99,3,270,Slow,0
756,650,Chespin,6,normal,1,Grass,None,0.4,9,313,56,61,65,48,45,38,45,63,Medium Slow,87.5
757,651,Quilladin,6,normal,1,Grass,None,0.7,29,405,61,78,95,56,58,57,45,142,Medium Slow,87.5
758,652,Chesnaught,6,normal,2,Grass,Fighting,1.6,90,530,88,107,122,74,75,64,45,239,Medium Slow,87.5
759,653,Fennekin,6,normal,1,Fire,None,0.4,9.4,307,40,45,40,62,60,60,45,61,Medium Slow,87.5
760,654,Braixen,6,normal,1,Fire,None,1,14.5,409,59,59,58,90,70,73,45,143,Medium Slow,87.5
761,655,Delphox,6,normal,2,Fire,Psychic,1.5,39,534,75,69,72,114,100,104,45,240,Medium Slow,87.5
762,656,Froakie,6,normal,1,Water,None,0.3,7,314,41,56,40,62,44,71,45,63,Medium Slow,87.5
763,657,Frogadier,6,normal,1,Water,None,0.6,10.9,405,54,63,52,83,56,97,45,142,Medium Slow,87.5
764,658,Greninja,6,normal,2,Water,Dark,1.5,40,530,72,95,67,103,71,122,45,239,Medium Slow,87.5
765,658,Ash-Greninja,6,normal,2,Water,Dark,1.5,40,640,72,145,67,153,71,132,45,288,Medium Slow,100
766,659,Bunnelby,6,normal,1,Normal,None,0.4,5,237,38,36,38,32,36,57,255,47,Medium Fast,50
767,660,Diggersby,6,normal,2,Normal,Ground,1,42.4,423,85,56,77,50,77,78,127,148,Medium Fast,50
768,661,Fletchling,6,normal,2,Normal,Flying,0.3,1.7,278,45,50,43,40,38,62,255,56,Medium Slow,50
769,662,Fletchinder,6,normal,2,Fire,Flying,0.7,16,382,62,73,55,56,52,84,120,134,Medium Slow,50
770,663,Talonflame,6,normal,2,Fire,Flying,1.2,24.5,499,78,81,71,74,69,126,45,175,Medium Slow,50
771,664,Scatterbug,6,normal,1,Bug,None,0.3,2.5,200,38,35,40,27,25,35,255,40,Medium Fast,50
772,665,Spewpa,6,normal,1,Bug,None,0.3,8.4,213,45,22,60,27,30,29,120,75,Medium Fast,50
773,666,Vivillon,6,normal,2,Bug,Flying,1.2,17,411,80,52,50,90,50,89,45,185,Medium Fast,50
774,667,Litleo,6,normal,2,Fire,Normal,0.6,13.5,369,62,50,58,73,54,72,220,74,Medium Slow,25
775,668,Pyroar,6,normal,2,Fire,Normal,1.5,81.5,507,86,68,72,109,66,106,65,177,Medium Slow,25
776,669,Flabébé,6,normal,1,Fairy,None,0.1,0.1,303,44,38,39,61,79,42,225,61,Medium Fast,0
777,670,Floette,6,normal,1,Fairy,None,0.2,0.9,371,54,45,47,75,98,52,120,130,Medium Fast,0
778,671,Florges,6,normal,1,Fairy,None,1.1,10,552,78,65,68,112,154,75,45,248,Medium Fast,0
779,672,Skiddo,6,normal,1,Grass,None,0.9,31,350,66,65,48,62,57,52,200,70,Medium Fast,50
780,673,Gogoat,6,normal,1,Grass,None,1.7,91,531,123,100,62,97,81,68,45,186,Medium Fast,50
781,674,Pancham,6,normal,1,Fighting,None,0.6,8,348,67,82,62,46,48,43,220,70,Medium Fast,50
782,675,Pangoro,6,normal,2,Fighting,Dark,2.1,136,495,95,124,78,69,71,58,65,173,Medium Fast,50
783,676,Furfrou,6,normal,1,Normal,None,1.2,28,472,75,80,60,65,90,102,160,165,Medium Fast,50
784,677,Espurr,6,normal,1,Psychic,None,0.3,3.5,355,62,48,54,63,60,68,190,71,Medium Fast,50
785,678,Meowstic Male,6,normal,1,Psychic,None,0.6,8.5,466,74,48,76,83,81,104,75,163,Medium Fast,50
786,678,Meowstic Female,6,normal,1,Psychic,None,0.6,8.5,466,74,48,76,83,81,104,75,163,Medium Fast,50
787,679,Honedge,6,normal,2,Steel,Ghost,0.8,2,325,45,80,100,35,37,28,180,65,Medium Fast,50
788,680,Doublade,6,normal,2,Steel,Ghost,0.8,4.5,448,59,110,150,45,49,35,90,157,Medium Fast,50
789,681,Aegislash Blade Forme,6,normal,2,Steel,Ghost,1.7,53,520,60,150,50,150,50,60,45,234,Medium Fast,50
790,681,Aegislash Shield Forme,6,normal,2,Steel,Ghost,1.7,53,520,60,50,150,50,150,60,45,234,Medium Fast,50
791,682,Spritzee,6,normal,1,Fairy,None,0.2,0.5,341,78,52,60,63,65,23,200,68,Medium Fast,50
792,683,Aromatisse,6,normal,1,Fairy,None,0.8,15.5,462,101,72,72,99,89,29,140,162,Medium Fast,50
793,684,Swirlix,6,normal,1,Fairy,None,0.4,3.5,341,62,48,66,59,57,49,200,68,Medium Fast,50
794,685,Slurpuff,6,normal,1,Fairy,None,0.8,5,480,82,80,86,85,75,72,140,168,Medium Fast,50
795,686,Inkay,6,normal,2,Dark,Psychic,0.4,3.5,288,53,54,53,37,46,45,190,58,Medium Fast,50
796,687,Malamar,6,normal,2,Dark,Psychic,1.5,47,482,86,92,88,68,75,73,80,169,Medium Fast,50
797,688,Binacle,6,normal,2,Rock,Water,0.5,31,306,42,52,67,39,56,50,120,61,Medium Fast,50
798,689,Barbaracle,6,normal,2,Rock,Water,1.3,96,500,72,105,115,54,86,68,45,175,Medium Fast,50
799,690,Skrelp,6,normal,2,Poison,Water,0.5,7.3,320,50,60,60,60,60,30,225,64,Medium Fast,50
800,691,Dragalge,6,normal,2,Poison,Dragon,1.8,81.5,494,65,75,90,97,123,44,55,173,Medium Fast,50
801,692,Clauncher,6,normal,1,Water,None,0.5,8.3,330,50,53,62,58,63,44,225,66,Slow,50
802,693,Clawitzer,6,normal,1,Water,None,1.3,35.3,500,71,73,88,120,89,59,55,100,Slow,50
803,694,Helioptile,6,normal,2,Electric,Normal,0.5,6,289,44,38,33,61,43,70,190,58,Medium Fast,50
804,695,Heliolisk,6,normal,2,Electric,Normal,1,21,481,62,55,52,109,94,109,75,168,Medium Fast,50
805,696,Tyrunt,6,normal,2,Rock,Dragon,0.8,26,362,58,89,77,45,45,48,45,72,Medium Fast,87.5
806,697,Tyrantrum,6,normal,2,Rock,Dragon,2.5,270,521,82,121,119,69,59,71,45,182,Medium Fast,87.5
807,698,Amaura,6,normal,2,Rock,Ice,1.3,25.2,362,77,59,50,67,63,46,45,72,Medium Fast,87.5
808,699,Aurorus,6,normal,2,Rock,Ice,2.7,225,521,123,77,72,99,92,58,45,104,Medium Fast,87.5
809,700,Sylveon,6,normal,1,Fairy,None,1,23.5,525,95,65,65,110,130,60,45,184,Medium Fast,87.5
810,701,Hawlucha,6,normal,2,Fighting,Flying,0.8,21.5,500,78,92,75,74,63,118,100,175,Medium Fast,50
811,702,Dedenne,6,normal,2,Electric,Fairy,0.2,2.2,431,67,58,57,81,67,101,180,151,Medium Fast,50
812,703,Carbink,6,normal,2,Rock,Fairy,0.3,5.7,500,50,50,150,50,150,50,60,100,Slow,0
813,704,Goomy,6,normal,1,Dragon,None,0.3,2.8,300,45,50,35,55,75,40,45,60,Slow,50
814,705,Sliggoo,6,normal,1,Dragon,None,0.8,17.5,452,68,75,53,83,113,60,45,158,Slow,50
815,706,Goodra,6,normal,1,Dragon,None,2,150.5,600,90,100,70,110,150,80,45,270,Slow,50
816,707,Klefki,6,normal,2,Steel,Fairy,0.2,3,470,57,80,91,80,87,75,75,165,Fast,50
817,708,Phantump,6,normal,2,Ghost,Grass,0.4,7,309,43,70,48,50,60,38,120,62,Medium Fast,50
818,709,Trevenant,6,normal,2,Ghost,Grass,1.5,71,474,85,110,76,65,82,56,60,166,Medium Fast,50
819,710,Pumpkaboo Average Size,6,normal,2,Ghost,Grass,0.4,5,335,49,66,70,44,55,51,120,67,Medium Fast,50
820,710,Pumpkaboo Small Size,6,normal,2,Ghost,Grass,0.3,3.5,335,44,66,70,44,55,56,120,67,Medium Fast,50
821,710,Pumpkaboo Large Size,6,normal,2,Ghost,Grass,0.5,7.5,335,54,66,70,44,55,46,120,67,Medium Fast,50
822,710,Pumpkaboo Super Size,6,normal,2,Ghost,Grass,0.8,15,335,59,66,70,44,55,41,120,67,Medium Fast,50
823,711,Gourgeist Average Size,6,normal,2,Ghost,Grass,0.9,12.5,494,65,90,122,58,75,84,60,173,Medium Fast,50
824,711,Gourgeist Small Size,6,normal,2,Ghost,Grass,0.7,9.5,494,55,85,122,58,75,99,60,173,Medium Fast,50
825,711,Gourgeist Large Size,6,normal,2,Ghost,Grass,1.1,14,494,75,95,122,58,75,69,60,173,Medium Fast,50
826,711,Gourgeist Super Size,6,normal,2,Ghost,Grass,1.7,39,494,85,100,122,58,75,54,60,173,Medium Fast,50
827,712,Bergmite,6,normal,1,Ice,None,1,99.5,304,55,69,85,32,35,28,190,61,Medium Fast,50
828,713,Avalugg,6,normal,1,Ice,None,2,505,514,95,117,184,44,46,28,55,180,Medium Fast,50
829,714,Noibat,6,normal,2,Flying,Dragon,0.5,8,245,40,30,35,45,40,55,190,49,Medium Fast,50
830,715,Noivern,6,normal,2,Flying,Dragon,1.5,85,535,85,70,80,97,80,123,45,187,Medium Fast,50
831,716,Xerneas,6,legendary,1,Fairy,None,3,215,680,126,131,95,131,98,99,45,306,Slow,0
832,717,Yveltal,6,legendary,2,Dark,Flying,5.8,203,680,126,131,95,131,98,99,45,306,Slow,0
833,718,Zygarde 50% Forme,6,legendary,2,Dragon,Ground,5,305,600,108,100,121,81,95,95,3,270,Slow,0
834,718,Zygarde 10% Forme,6,legendary,2,Dragon,Ground,1.2,33.5,486,54,100,71,61,85,115,3,219,Slow,0
835,718,Zygarde Complete Forme,6,legendary,2,Dragon,Ground,4.5,610,708,216,100,121,91,95,85,3,319,Slow,0
836,719,Diancie,6,mythical,2,Rock,Fairy,0.7,8.8,600,50,100,150,100,150,50,3,270,Slow,0
837,719,Mega Diancie,6,mythical,2,Rock,Fairy,1.1,27.8,700,50,160,110,160,110,110,3,315,Slow,0
838,720,Hoopa Hoopa Confined,6,mythical,2,Psychic,Ghost,0.5,9,600,80,110,60,150,130,70,3,270,Slow,0
839,720,Hoopa Hoopa Unbound,6,mythical,2,Psychic,Dark,6.5,490,680,80,160,60,170,130,80,3,306,Slow,0
840,721,Volcanion,6,mythical,2,Fire,Water,1.7,195,600,80,110,120,130,90,70,3,270,Slow,0
841,722,Rowlet,7,normal,2,Grass,Flying,0.3,1.5,320,68,55,55,50,50,42,45,64,Medium Slow,87.5
842,723,Dartrix,7,normal,2,Grass,Flying,0.7,16,420,78,75,75,70,70,52,45,147,Medium Slow,87.5
843,724,Decidueye,7,normal,2,Grass,Ghost,1.6,36.6,530,78,107,75,100,100,70,45,239,Medium Slow,87.5
844,725,Litten,7,normal,1,Fire,None,0.4,4.3,320,45,65,40,60,40,70,45,64,Medium Slow,87.5
845,726,Torracat,7,normal,1,Fire,None,0.7,25,420,65,85,50,80,50,90,45,147,Medium Slow,87.5
846,727,Incineroar,7,normal,2,Fire,Dark,1.8,83,530,95,115,90,80,90,60,45,239,Medium Slow,87.5
847,728,Popplio,7,normal,1,Water,None,0.4,7.5,320,50,54,54,66,56,40,45,64,Medium Slow,87.5
848,729,Brionne,7,normal,1,Water,None,0.6,17.5,420,60,69,69,91,81,50,45,147,Medium Slow,87.5
849,730,Primarina,7,normal,2,Water,Fairy,1.8,44,530,80,74,74,126,116,60,45,239,Medium Slow,87.5
850,731,Pikipek,7,normal,2,Normal,Flying,0.3,1.2,265,35,75,30,30,30,65,255,53,Medium Fast,50
851,732,Trumbeak,7,normal,2,Normal,Flying,0.6,14.8,355,55,85,50,40,50,75,120,124,Medium Fast,50
852,733,Toucannon,7,normal,2,Normal,Flying,1.1,26,485,80,120,75,75,75,60,45,218,Medium Fast,50
853,734,Yungoos,7,normal,1,Normal,None,0.4,6,253,48,70,30,30,30,45,255,51,Medium Fast,50
854,735,Gumshoos,7,normal,1,Normal,None,0.7,14.2,418,88,110,60,55,60,45,127,146,Medium Fast,50
855,736,Grubbin,7,normal,1,Bug,None,0.4,4.4,300,47,62,45,55,45,46,255,60,Medium Fast,50
856,737,Charjabug,7,normal,2,Bug,Electric,0.5,10.5,400,57,82,95,55,75,36,120,140,Medium Fast,50
857,738,Vikavolt,7,normal,2,Bug,Electric,1.5,45,500,77,70,90,145,75,43,45,225,Medium Fast,50
858,739,Crabrawler,7,normal,1,Fighting,None,0.6,7,338,47,82,57,42,47,63,225,68,Medium Fast,50
859,740,Crabominable,7,normal,2,Fighting,Ice,1.7,180,478,97,132,77,62,67,43,60,167,Medium Fast,50
860,741,Oricorio Baile Style,7,normal,2,Fire,Flying,0.6,3.4,476,75,70,70,98,70,93,45,167,Medium Fast,25
861,741,Oricorio Pom-Pom Style,7,normal,2,Electric,Flying,0.6,3.4,476,75,70,70,98,70,93,45,167,Medium Fast,25
862,741,Oricorio Pa'u Style,7,normal,2,Psychic,Flying,0.6,3.4,476,75,70,70,98,70,93,45,167,Medium Fast,25
863,741,Oricorio Sensu Style,7,normal,2,Ghost,Flying,0.6,3.4,476,75,70,70,98,70,93,45,167,Medium Fast,25
864,742,Cutiefly,7,normal,2,Bug,Fairy,0.1,0.2,304,40,45,40,55,40,84,190,61,Medium Fast,50
865,743,Ribombee,7,normal,2,Bug,Fairy,0.2,0.5,464,60,55,60,95,70,124,75,162,Medium Fast,50
866,744,Rockruff,7,normal,1,Rock,None,0.5,9.2,280,45,65,40,30,40,60,190,56,Medium Fast,50
867,744,Own Tempo Rockruff,7,normal,1,Rock,None,0.5,9.2,280,45,65,40,30,40,60,190,56,Medium Fast,50
868,745,Lycanroc Midday Form,7,normal,1,Rock,None,0.8,25,487,75,115,65,55,65,112,90,170,Medium Fast,50
869,745,Lycanroc Midnight Form,7,normal,1,Rock,None,1.1,25,487,85,115,75,55,75,82,90,170,Medium Fast,50
870,745,Lycanroc Dusk Form,7,normal,1,Rock,None,0.8,25,487,75,117,65,55,65,110,90,170,Medium Fast,50
871,746,Wishiwashi Solo Form,7,normal,1,Water,None,0.2,0.3,175,45,20,20,25,25,40,60,61,Fast,50
872,746,Wishiwashi School Form,7,normal,1,Water,None,8.2,78.6,620,45,140,130,140,135,30,60,217,Fast,50
873,747,Mareanie,7,normal,2,Poison,Water,0.4,8,305,50,53,62,43,52,45,190,61,Medium Fast,50
874,748,Toxapex,7,normal,2,Poison,Water,0.7,14.5,495,50,63,152,53,142,35,75,173,Medium Fast,50
875,749,Mudbray,7,normal,1,Ground,None,1,110,385,70,100,70,45,55,45,190,77,Medium Fast,50
876,750,Mudsdale,7,normal,1,Ground,None,2.5,920,500,100,125,100,55,85,35,60,175,Medium Fast,50
877,751,Dewpider,7,normal,2,Water,Bug,0.3,4,269,38,40,52,40,72,27,200,54,Medium Fast,50
878,752,Araquanid,7,normal,2,Water,Bug,1.8,82,454,68,70,92,50,132,42,100,159,Medium Fast,50
879,753,Fomantis,7,normal,1,Grass,None,0.3,1.5,250,40,55,35,50,35,35,190,50,Medium Fast,50
880,754,Lurantis,7,normal,1,Grass,None,0.9,18.5,480,70,105,90,80,90,45,75,168,Medium Fast,50
881,755,Morelull,7,normal,2,Grass,Fairy,0.2,1.5,285,40,35,55,65,75,15,190,57,Medium Fast,50
882,756,Shiinotic,7,normal,2,Grass,Fairy,1,11.5,405,60,45,80,90,100,30,75,142,Medium Fast,50
883,757,Salandit,7,normal,2,Poison,Fire,0.6,4.8,320,48,44,40,71,40,77,120,64,Medium Fast,87.5
884,758,Salazzle,7,normal,2,Poison,Fire,1.2,22.2,480,68,64,60,111,60,117,45,168,Medium Fast,0
885,759,Stufful,7,normal,2,Normal,Fighting,0.5,6.8,340,70,75,50,45,50,50,140,68,Medium Fast,50
886,760,Bewear,7,normal,2,Normal,Fighting,2.1,135,500,120,125,80,55,60,60,70,175,Medium Fast,50
887,761,Bounsweet,7,normal,1,Grass,None,0.3,3.2,210,42,30,38,30,38,32,235,42,Medium Slow,0
888,762,Steenee,7,normal,1,Grass,None,0.7,8.2,290,52,40,48,40,48,62,120,102,Medium Slow,0
889,763,Tsareena,7,normal,1,Grass,None,1.2,21.4,510,72,120,98,50,98,72,45,230,Medium Slow,0
890,764,Comfey,7,normal,1,Fairy,None,0.1,0.3,485,51,52,90,82,110,100,60,170,Fast,25
891,765,Oranguru,7,normal,2,Normal,Psychic,1.5,76,490,90,60,80,90,110,60,45,172,Slow,50
892,766,Passimian,7,normal,1,Fighting,None,2,82.8,490,100,120,90,40,60,80,45,172,Slow,50
893,767,Wimpod,7,normal,2,Bug,Water,0.5,12,230,25,35,40,20,30,80,90,46,Medium Fast,50
894,768,Golisopod,7,normal,2,Bug,Water,2,108,530,75,125,140,60,90,40,45,186,Medium Fast,50
895,769,Sandygast,7,normal,2,Ghost,Ground,0.5,70,320,55,55,80,70,45,15,140,64,Medium Fast,50
896,770,Palossand,7,normal,2,Ghost,Ground,1.3,250,480,85,75,110,100,75,35,60,168,Medium Fast,50
897,771,Pyukumuku,7,normal,1,Water,None,0.3,1.2,410,55,60,130,30,130,5,60,144,Fast,50
898,772,Type: Null,7,sub_legendary,1,Normal,None,1.9,120.5,534,95,95,95,95,95,59,3,107,Slow,0
899,773,Silvally,7,sub_legendary,1,Normal,None,2.3,100.5,570,95,95,95,95,95,95,3,257,Slow,0
900,774,Minior Meteor Form,7,normal,2,Rock,Flying,0.3,40,440,60,60,100,60,100,60,30,154,Medium Slow,0
901,774,Minior Core Form,7,normal,2,Rock,Flying,0.3,0.3,500,60,100,60,100,60,120,30,175,Medium Slow,0
902,775,Komala,7,normal,1,Normal,None,0.4,19.9,480,65,115,65,75,95,65,45,168,Slow,50
903,776,Turtonator,7,normal,2,Fire,Dragon,2,212,485,60,78,135,91,85,36,70,170,Medium Fast,50
904,777,Togedemaru,7,normal,2,Electric,Steel,0.3,3.3,435,65,98,63,40,73,96,180,152,Medium Fast,50
905,778,Mimikyu,7,normal,2,Ghost,Fairy,0.2,0.7,476,55,90,80,50,105,96,45,167,Medium Fast,50
906,779,Bruxish,7,normal,2,Water,Psychic,0.9,19,475,68,105,70,70,70,92,80,166,Medium Fast,50
907,780,Drampa,7,normal,2,Normal,Dragon,3,185,485,78,60,85,135,91,36,70,170,Medium Fast,50
908,781,Dhelmise,7,normal,2,Ghost,Grass,3.9,210,517,70,131,100,86,90,40,25,181,Medium Fast,0
909,782,Jangmo-o,7,normal,1,Dragon,None,0.6,29.7,300,45,55,65,45,45,45,45,60,Slow,50
910,783,Hakamo-o,7,normal,2,Dragon,Fighting,1.2,47,420,55,75,90,65,70,65,45,147,Slow,50
911,784,Kommo-o,7,normal,2,Dragon,Fighting,1.6,78.2,600,75,110,125,100,105,85,45,270,Slow,50
912,785,Tapu Koko,7,sub_legendary,2,Electric,Fairy,1.8,20.5,570,70,115,85,95,75,130,3,257,Slow,0
913,786,Tapu Lele,7,sub_legendary,2,Psychic,Fairy,1.2,18.6,570,70,85,75,130,115,95,3,257,Slow,0
914,787,Tapu Bulu,7,sub_legendary,2,Grass,Fairy,1.9,45.5,570,70,130,115,85,95,75,3,257,Slow,0
915,788,Tapu Fini,7,sub_legendary,2,Water,Fairy,1.3,21.2,570,70,75,115,95,130,85,3,257,Slow,0
916,789,Cosmog,7,legendary,1,Psychic,None,0.2,0.1,200,43,29,31,29,31,37,45,40,Slow,0
917,790,Cosmoem,7,legendary,1,Psychic,None,0.1,999.9,400,43,29,131,29,131,37,45,140,Slow,0
918,791,Solgaleo,7,legendary,2,Psychic,Steel,3.4,230,680,137,137,107,113,89,97,45,306,Slow,0
919,792,Lunala,7,legendary,2,Psychic,Ghost,4,120,680,137,113,89,137,107,97,45,306,Slow,0
920,793,Nihilego,7,sub_legendary,2,Rock,Poison,1.2,55.5,570,109,53,47,127,131,103,45,257,Slow,0
921,794,Buzzwole,7,sub_legendary,2,Bug,Fighting,2.4,333.6,570,107,139,139,53,53,79,45,257,Slow,0
922,795,Pheromosa,7,sub_legendary,2,Bug,Fighting,1.8,25,570,71,137,37,137,37,151,45,257,Slow,0
923,796,Xurkitree,7,sub_legendary,1,Electric,None,3.8,100,570,83,89,71,173,71,83,45,257,Slow,0
924,797,Celesteela,7,sub_legendary,2,Steel,Flying,9.2,999.9,570,97,101,103,107,101,61,45,257,Slow,0
925,798,Kartana,7,sub_legendary,2,Grass,Steel,0.3,0.1,570,59,181,131,59,31,109,45,257,Slow,0
926,799,Guzzlord,7,sub_legendary,2,Dark,Dragon,5.5,888,570,223,101,53,97,53,43,45,257,Slow,0
927,800,Necrozma,7,legendary,1,Psychic,None,2.4,230,600,97,107,101,127,89,79,255,270,Slow,0
928,800,Dusk Mane Necrozma,7,legendary,2,Psychic,Steel,3.8,460,680,97,157,127,113,109,77,3,306,Slow,0
929,800,Dawn Wings Necrozma,7,legendary,2,Psychic,Ghost,4.2,350,680,97,113,109,157,127,77,3,306,Slow,0
930,800,Ultra Necrozma,7,legendary,2,Psychic,Dragon,7.5,230,754,97,167,97,167,97,129,3,339,Slow,0
931,801,Magearna,7,mythical,2,Steel,Fairy,1,80.5,600,80,95,115,130,115,65,3,270,Slow,0
932,802,Marshadow,7,mythical,2,Fighting,Ghost,0.7,22.2,600,90,125,80,90,90,125,3,270,Slow,0
933,803,Poipole,7,sub_legendary,1,Poison,None,0.6,1.8,420,67,73,67,73,67,73,45,189,Slow,0
934,804,Naganadel,7,sub_legendary,2,Poison,Dragon,3.6,150,540,73,73,73,127,73,121,45,243,Slow,0
935,805,Stakataka,7,sub_legendary,2,Rock,Steel,5.5,820,570,61,131,211,53,101,13,30,257,Slow,0
936,806,Blacephalon,7,sub_legendary,2,Fire,Ghost,1.8,13,570,53,127,53,151,79,107,30,257,Slow,0
937,807,Zeraora,7,mythical,1,Electric,None,1.5,44.5,600,88,112,75,102,80,143,3,270,Slow,0
938,808,Meltan,7,mythical,1,Steel,None,0.2,8,300,46,65,65,55,35,34,3,270,Slow,0
939,809,Melmetal,7,mythical,1,Steel,None,2.5,800,600,135,143,143,80,65,34,3,300,Slow,0
940,810,Grookey,8,normal,1,Grass,None,0.3,5,310,50,65,50,40,40,65,-1,-1,Medium Slow,-1
941,811,Thwackey,8,normal,1,Grass,None,0.7,14,420,70,85,70,55,60,80,-1,-1,Medium Slow,-1
942,812,Rillaboom,8,normal,1,Grass,None,2.1,90,530,100,125,90,60,70,85,-1,-1,Medium Slow,-1
943,813,Scorbunny,8,normal,1,Fire,None,0.3,4.5,310,50,71,40,40,40,69,-1,-1,Medium Slow,-1
944,814,Raboot,8,normal,1,Fire,None,0.6,9,420,65,86,60,55,60,94,-1,-1,Medium Slow,-1
945,815,Cinderace,8,normal,1,Fire,None,1.4,33,530,80,116,75,65,75,119,-1,-1,Medium Slow,-1
946,816,Sobble,8,normal,1,Water,None,0.3,4,310,50,40,40,70,40,70,-1,-1,Medium Slow,-1
947,817,Drizzile,8,normal,1,Water,None,0.7,11.5,420,65,60,55,95,55,90,-1,-1,Medium Slow,-1
948,818,Inteleon,8,normal,1,Water,None,1.9,45.2,530,70,85,65,125,65,120,-1,-1,Medium Slow,-1
949,819,Skwovet,8,normal,1,Normal,None,0.3,2.5,275,70,55,55,35,35,25,-1,-1,Medium Fast,-1
950,820,Greedent,8,normal,1,Normal,None,0.6,6,460,120,95,95,55,75,20,-1,-1,Medium Fast,-1
951,821,Rookidee,8,normal,1,Flying,None,0.2,1.8,245,38,47,35,33,35,57,-1,-1,Medium Slow,-1
952,822,Corvisquire,8,normal,1,Flying,None,0.8,16,365,68,67,55,43,55,77,-1,-1,Medium Slow,-1
953,823,Corviknight,8,normal,2,Flying,Steel,2.2,75,495,98,87,105,53,85,67,-1,-1,Medium Slow,-1
954,824,Blipbug,8,normal,1,Bug,None,0.4,8,180,25,20,20,25,45,45,-1,-1,Medium Fast,-1
955,825,Dottler,8,normal,2,Bug,Psychic,0.4,19.5,335,50,35,80,50,90,30,-1,-1,Medium Fast,-1
956,826,Orbeetle,8,normal,2,Bug,Psychic,0.4,40.8,505,60,45,110,80,120,90,-1,-1,Medium Fast,-1
957,827,Nickit,8,normal,1,Dark,None,0.6,8.9,245,40,28,28,47,52,50,-1,-1,Fast,-1
958,828,Thievul,8,normal,1,Dark,None,1.2,19.9,455,70,58,58,87,92,90,-1,-1,Fast,-1
959,829,Gossifleur,8,normal,1,Grass,None,0.4,2.2,250,40,40,60,40,60,10,-1,-1,Medium Fast,-1
960,830,Eldegoss,8,normal,1,Grass,None,0.5,2.5,460,60,50,90,80,120,60,-1,-1,Medium Fast,-1
961,831,Wooloo,8,normal,1,Normal,None,0.6,6,270,42,40,55,40,45,48,-1,-1,Medium Fast,-1
962,832,Dubwool,8,normal,1,Normal,None,1.3,43,490,72,80,100,60,90,88,-1,-1,Medium Fast,-1
963,833,Chewtle,8,normal,1,Water,None,0.3,8.5,284,50,64,50,38,38,44,-1,-1,Medium Fast,-1
964,834,Drednaw,8,normal,2,Water,Rock,1,115.5,485,90,115,90,48,68,74,-1,-1,Medium Fast,-1
965,835,Yamper,8,normal,1,Electric,None,0.3,13.5,270,59,45,50,40,50,26,-1,-1,Fast,-1
966,836,Boltund,8,normal,1,Electric,None,1,34,490,69,90,60,90,60,121,-1,-1,Fast,-1
967,837,Rolycoly,8,normal,1,Rock,None,0.3,12,240,30,40,50,40,50,30,-1,-1,Medium Slow,-1
968,838,Carkol,8,normal,2,Rock,Fire,1.1,78,410,80,60,90,60,70,50,-1,-1,Medium Slow,-1
969,839,Coalossal,8,normal,2,Rock,Fire,2.8,310.5,510,110,80,120,80,90,30,-1,-1,Medium Slow,-1
970,840,Applin,8,normal,2,Grass,Dragon,0.2,0.5,260,40,40,80,40,40,20,-1,-1,Erratic,-1
971,841,Flapple,8,normal,2,Grass,Dragon,0.3,1,485,70,110,80,95,60,70,-1,-1,Erratic,-1
972,842,Appletun,8,normal,2,Grass,Dragon,0.4,13,485,110,85,80,100,80,30,-1,-1,Erratic,-1
973,843,Silicobra,8,normal,1,Ground,None,2.2,7.6,315,52,57,75,35,50,46,-1,-1,Medium Fast,-1
974,844,Sandaconda,8,normal,1,Ground,None,3.8,65.5,510,72,107,125,65,70,71,-1,-1,Medium Fast,-1
975,845,Cramorant,8,normal,2,Flying,Water,0.8,18,475,70,85,55,85,95,85,-1,-1,Medium Fast,-1
976,846,Arrokuda,8,normal,1,Water,None,0.5,1,280,41,63,40,40,30,66,-1,-1,Slow,-1
977,847,Barraskewda,8,normal,1,Water,None,1.3,30,490,61,123,60,60,50,136,-1,-1,Slow,-1
978,848,Toxel,8,normal,2,Electric,Poison,0.4,11,242,40,38,35,54,35,40,-1,-1,Medium Slow,-1
979,849,Toxtricity Low Key Form,8,normal,2,Electric,Poison,1.6,40,502,75,98,70,114,70,75,-1,-1,Medium Slow,-1
980,849,Toxtricity Amped Form,8,normal,2,Electric,Poison,1.6,40,502,75,98,70,114,70,75,-1,-1,Medium Slow,-1
981,850,Sizzlipede,8,normal,2,Fire,Bug,0.7,1,305,50,65,45,50,50,45,-1,-1,Medium Fast,-1
982,851,Centiskorch,8,normal,2,Fire,Bug,3,120,525,100,115,65,90,90,65,-1,-1,Medium Fast,-1
983,852,Clobbopus,8,normal,1,Fighting,None,0.6,4,310,50,68,60,50,50,32,-1,-1,Medium Slow,-1
984,853,Grapploct,8,normal,1,Fighting,None,1.6,39,480,80,118,90,70,80,42,-1,-1,Medium Slow,-1
985,854,Sinistea,8,normal,1,Ghost,None,0.1,0.2,308,40,45,45,74,54,50,-1,-1,Medium Fast,-1
986,855,Polteageist,8,normal,1,Ghost,None,0.2,0.4,508,60,65,65,134,114,70,-1,-1,Medium Fast,-1
987,856,Hatenna,8,normal,1,Psychic,None,0.4,3.4,265,42,30,45,56,53,39,-1,-1,Slow,-1
988,857,Hattrem,8,normal,1,Psychic,None,0.6,4.8,370,57,40,65,86,73,49,-1,-1,Slow,-1
989,858,Hatterene,8,normal,2,Psychic,Fairy,2.1,5,510,57,90,95,136,103,29,-1,-1,Slow,-1
990,859,Impidimp,8,normal,2,Dark,Fairy,0.4,5.5,265,45,45,30,55,40,50,-1,-1,Medium Fast,-1
991,860,Morgrem,8,normal,2,Dark,Fairy,0.8,12.5,370,65,60,45,75,55,70,-1,-1,Medium Fast,-1
992,861,Grimmsnarl,8,normal,2,Dark,Fairy,1.5,61,510,95,120,65,95,75,60,-1,-1,Medium Fast,-1
993,862,Obstagoon,8,normal,2,Dark,Normal,1.6,46,520,93,90,101,60,81,95,-1,-1,Medium Fast,-1
994,863,Perrserker,8,normal,1,Steel,None,0.8,28,440,70,110,100,50,60,50,-1,-1,Medium Fast,-1
995,864,Cursola,8,normal,1,Ghost,None,1,0.4,510,60,95,50,145,130,30,-1,-1,Fast,-1
996,865,Sirfetch'd,8,normal,1,Fighting,None,0.8,117,507,62,135,95,68,82,65,-1,-1,Medium Fast,-1
997,866,Mr. Rime,8,normal,2,Psychic,Ice,1.5,58.2,520,80,85,75,110,100,70,-1,-1,Medium Fast,-1
998,867,Runerigus,8,normal,2,Ground,Ghost,1.6,66.6,483,58,95,145,50,105,30,-1,-1,Medium Fast,-1
999,868,Milcery,8,normal,1,Fairy,None,0.2,0.3,270,45,40,40,50,61,34,-1,-1,Medium Fast,-1
1000,869,Alcremie,8,normal,1,Fairy,None,0.3,0.5,495,65,60,75,110,121,64,-1,-1,Medium Fast,-1
1001,870,Falinks,8,normal,1,Fighting,None,3,62,470,65,100,100,70,60,75,-1,-1,Medium Fast,-1
1002,871,Pincurchin,8,normal,1,Electric,None,0.3,1,435,48,101,95,91,85,15,-1,-1,Medium Fast,-1
1003,872,Snom,8,normal,2,Ice,Bug,0.3,3.8,185,30,25,35,45,30,20,-1,-1,Medium Fast,-1
1004,873,Frosmoth,8,normal,2,Ice,Bug,1.3,42,475,70,65,60,125,90,65,-1,-1,Medium Fast,-1
1005,874,Stonjourner,8,normal,1,Rock,None,2.5,520,470,100,125,135,20,20,70,-1,-1,Slow,-1
1006,875,Eiscue Ice Face,8,normal,1,Ice,None,1.4,89,470,75,80,110,65,90,50,-1,-1,Slow,-1
1007,875,Eiscue Noice Face,8,normal,1,Ice,None,1.4,89,470,75,80,70,65,50,130,-1,-1,Slow,-1
1008,876,Indeedee Male,8,normal,2,Psychic,Normal,0.9,28,475,60,65,55,105,95,95,-1,-1,Fast,-1
1009,876,Indeedee Female,8,normal,2,Psychic,Normal,0.9,28,475,70,55,65,95,105,85,-1,-1,Fast,-1
1010,877,Morpeko Full Belly Mode,8,normal,2,Electric,Dark,0.3,3,436,58,95,58,70,58,97,-1,-1,Medium Fast,-1
1011,877,Morpeko Hangry Mode,8,normal,2,Electric,Dark,0.3,3,436,58,95,58,70,58,97,-1,-1,Medium Fast,-1
1012,878,Cufant,8,normal,1,Steel,None,1.2,100,330,72,80,49,40,49,40,-1,-1,Medium Fast,-1
1013,879,Copperajah,8,normal,1,Steel,None,3,650,500,122,130,69,80,69,30,-1,-1,Medium Fast,-1
1014,880,Dracozolt,8,normal,2,Electric,Dragon,1.8,190,505,90,100,90,80,70,75,-1,-1,Slow,-1
1015,881,Arctozolt,8,normal,2,Electric,Ice,2.3,150,505,90,100,90,90,80,55,-1,-1,Slow,-1
1016,882,Dracovish,8,normal,2,Water,Dragon,2.3,215,505,90,90,100,70,80,75,-1,-1,Slow,-1
1017,883,Arctovish,8,normal,2,Water,Ice,2,175,505,90,90,100,80,90,55,-1,-1,Slow,-1
1018,884,Duraludon,8,normal,2,Steel,Dragon,1.8,40,535,70,95,115,120,50,85,-1,-1,Medium Fast,-1
1019,885,Dreepy,8,normal,2,Dragon,Ghost,0.5,2,270,28,60,30,40,30,82,-1,-1,Slow,-1
1020,886,Drakloak,8,normal,2,Dragon,Ghost,1.4,11,410,68,80,50,60,50,102,-1,-1,Slow,-1
1021,887,Dragapult,8,normal,2,Dragon,Ghost,3,50,600,88,120,75,100,75,142,-1,-1,Slow,-1
1022,888,Zacian Crowned Sword,8,legendary,2,Fairy,Steel,2.8,355,720,92,170,115,80,115,148,-1,-1,Slow,-1
1023,888,Zacian Hero of Many Battles,8,legendary,1,Fairy,None,2.8,110,670,92,130,115,80,115,138,-1,-1,Slow,-1
1024,889,Zamazenta Crowned Shield,8,legendary,2,Fighting,Steel,2.9,785,720,92,130,145,80,145,128,-1,-1,Slow,-1
1025,889,Zamazenta Hero of Many Battles,8,legendary,1,Fighting,None,2.9,210,670,92,130,115,80,115,138,-1,-1,Slow,-1
1026,890,Eternatus,8,legendary,2,Poison,Dragon,20,950,690,140,85,95,145,95,130,-1,-1,Slow,-1
1027,890,Eternatus Eternamax,8,legendary,2,Poison,Dragon,100,-1,1125,255,115,250,125,250,130,-1,-1,Slow,-1
